"","person","position_current","source","date_of_appointment","date_of_birth","age","birthplace","sex","barr_appointment","political_affiliation","bachelors","masters","doctorate","law","law_conservative_score","law_rank","connection_trump_all","connection_trump_interviews","connection_trump_campaign","connection_trumpally_all","connection_trumpally_innercircle","connection_trumpally_us_senate","connection_trumpally_state_gov","connection_trumpally_rnc","connection_conservative_all","connection_conservative_lawschool","connection_conservative_firm","connection_conservative_group","connection_conservative_gov","federalist_society","heritage_foundation","american_center_for_law_and_justice","christian_legal_society_bar_association","national_rifle_association_tie","republican_national_lawyers_association_tie","connection_careerprofessional_all","connection_other_all"
"1","Aaron L. Weisman","U.S. Attorney for the District of Rhode Island","prosecutor","1/14/2019","1965-01-01",55,"","male",0,"Republican","Brandeis University",NA,NA,"Benjamin N. Cardozo School of Law",-0.839,43,0,0,0,0,0,0,0,0,0,0,0,0,0,NA,NA,NA,NA,NA,NA,0,1
"2","Andrew B. Birge","U.S. Attorney for the W.D. of Michigan",NA,NA,NA,NA,NA,NA,NA,NA,NA,NA,NA,NA,NA,NA,0,0,0,0,0,0,0,0,0,0,0,0,0,NA,NA,NA,NA,NA,NA,1,0
"3","Andrew Lelling","U.S. Attorney for the District of Massachusetts","prosecutor","12/21/2017","1970-01-01",50,"","male",0,"Republican","Binghamton University",NA,NA,"University of Pennsylvania",-0.865,6,0,0,0,0,0,0,0,0,1,0,0,1,0,1,NA,NA,NA,NA,NA,1,0
"4","Ariana Fajardo Orshan","U.S. Attorney for the S.D. of Florida","prosecutor","9/18/2018",NA,NA,"","female",0,NA,"Florida International University",NA,NA,"Nova Southeastern University",-0.224,157,0,0,0,0,0,0,0,0,1,1,0,1,0,1,NA,NA,NA,NA,NA,0,1
"5","B.J. Pak","U.S. Attorney for the N.D. of Georgia",NA,NA,NA,NA,NA,NA,NA,NA,NA,NA,NA,NA,NA,NA,0,0,0,0,0,0,0,0,0,0,0,0,0,NA,NA,NA,NA,NA,NA,0,0
"6","Bart Davis","U.S. Attorney for the District of Idaho","prosecutor","9/21/2017","1955-03-07",65,"Rapid City","male",0,"Republican","Brigham Young University",NA,NA,"University of Idaho",0.212,115,0,0,0,0,0,0,0,0,1,1,0,1,0,1,NA,NA,NA,NA,NA,0,0
"7","Beth Ann Williams","Assistant Attorney General for the Office of Legal Policy","justicedept",NA,NA,NA,NA,NA,NA,NA,"Harvard University",NA,NA,"Harvard University",-0.816,1,0,0,0,1,0,0,0,0,1,0,0,1,0,1,1,NA,NA,NA,NA,0,0
"8","Billy J. Williams","U.S. Attorney for the District of Oregon","prosecutor","2/23/2018","1956-01-01",64,"Toppenish","male",0,"Republican","Washington State University",NA,NA,"Willamette University",-0.571,136,0,0,0,0,0,0,0,0,0,0,0,0,0,NA,NA,NA,NA,NA,NA,1,0
"9","Bobby Christine","U.S. Attorney for the S.D. of Georgia","prosecutor","11/22/2017","1969-01-01",51,"","male",0,NA,"University of Georgia",NA,NA,"Cumberland University",0.382,148,0,0,0,0,0,0,0,0,1,1,0,1,0,1,NA,NA,NA,NA,NA,0,1
"10","Brandon Fremin","U.S. Attorney for the M.D. of Louisiana",NA,NA,NA,NA,NA,NA,NA,NA,NA,NA,NA,NA,NA,NA,0,0,0,0,0,0,0,0,0,0,0,0,0,NA,NA,NA,NA,NA,NA,1,0
"11","Brian Allen Benczkowski","Assistant Attorney General for the Criminal Division","justicedept",NA,NA,NA,NA,NA,NA,NA,NA,NA,NA,NA,NA,NA,0,0,0,1,0,0,0,0,0,0,0,0,0,NA,NA,NA,NA,NA,NA,0,0
"12","Brian Kuester","U.S. Attorney for the E.D. of Oklahoma","prosecutor","10/25/2017",NA,NA,"","male",0,"Republican","University of Central Missouri",NA,NA,"University of Tulsa",-0.109,102,0,0,0,0,0,0,0,0,1,1,0,0,0,NA,NA,NA,NA,NA,NA,0,1
"13","Brian T. Moran","U.S. Attorney for the W.D. of Washington","prosecutor","1/17/2019",NA,NA,"","male",0,NA,"Middlebury College",NA,NA,"Seattle University",-0.938,102,0,0,0,0,0,0,0,0,0,0,0,0,0,NA,NA,NA,NA,NA,NA,0,1
"14","Bryan Schroder","U.S. Attorney for the District of Alaska","prosecutor","11/21/2017","1959-02-03",61,"","male",0,NA,"United States Coast Guard Academy",NA,NA,"University of Washington",-0.806,29,0,0,0,0,0,0,0,0,0,0,0,0,0,NA,NA,NA,NA,NA,NA,1,0
"15","Charles Peeler","U.S. Attorney for the M.D. of Georgia","prosecutor","11/22/2017","1973-01-01",47,"Augusta","male",0,NA,"University of Georgia",NA,NA,"University of Georgia",-0.185,29,0,0,0,0,0,0,0,0,1,1,1,0,0,NA,NA,NA,NA,NA,NA,0,1
"16","Christina E. Nolan","U.S. Attorney for the District of Vermont","prosecutor","11/27/2017","1979-01-01",41,"Burlington","female",0,"None","University of Vermont",NA,NA,"Boston College",-0.82,24,0,0,0,0,0,0,0,0,0,0,0,0,0,NA,NA,NA,NA,NA,NA,1,0
"17","Clay Fowlkes","U.S. Attorney for the W.D. of Arkansas",NA,NA,NA,NA,NA,NA,NA,NA,NA,NA,NA,NA,NA,NA,0,0,0,0,0,0,0,0,1,1,0,0,0,NA,NA,NA,NA,NA,NA,1,0
"18","Craig Carpenito","U.S. Attorney for the District of New Jersey","prosecutor","","1973-08-01",47,"","male",NA,NA,"Rider University",NA,NA,"Seton Hall University School of Law",-0.467,64,0,0,0,1,1,0,0,0,1,0,1,0,0,NA,NA,NA,NA,NA,NA,0,0
"19","D. Michael Dunavant","U.S. Attorney for the W.D. of Tennessee","prosecutor","9/21/2017","1970-01-01",50,"Millington","male",0,"None","University of Tennessee",NA,NA,"University of Mississippi",0.406,92,0,0,0,0,0,0,0,0,1,1,0,0,0,NA,NA,NA,NA,NA,NA,0,1
"20","D. Michael Hurst Jr.","U.S. Attorney for the S.D. of Mississippi","prosecutor","",NA,NA,"Hickory","male",NA,"Republican","Millsaps College",NA,NA,"George Washington University",-0.841,21,0,0,0,0,0,0,0,0,1,0,1,0,0,NA,NA,NA,NA,NA,NA,1,0
"21","David C. Joseph","U.S. Attorney for the W.D. of Louisiana","prosecutor","4/3/2018","1977-05-06",43,"Dallas","male",0,"Republican","University of Oklahoma",NA,NA,"Louisiana State University",0.278,102,0,0,0,0,0,0,0,0,1,1,0,0,0,NA,NA,NA,NA,NA,NA,0,1
"22","David C. Weiss","U.S. Attorney for the District of Delaware","prosecutor","2/22/2018","1956-01-01",64,"Philadelphia","male",0,"None","Washington University in St. Louis",NA,NA,"Widener University",-0.229,173,0,0,0,0,0,0,0,0,1,1,0,0,0,NA,NA,NA,NA,NA,NA,1,0
"23","David Freed","U.S. Attorney for the M.D. of Pennsylvania","prosecutor","11/27/2017",NA,NA,"","male",0,"Republican","Washington and Lee University",NA,NA,"Dickinson Law",-0.337,52,0,0,0,0,0,0,0,0,1,1,0,0,0,NA,NA,NA,NA,NA,NA,0,1
"24","David L. Anderson","U.S. Attorney for the N.D. of California",NA,NA,NA,NA,NA,NA,NA,NA,NA,NA,NA,NA,NA,NA,0,0,0,0,0,0,0,0,0,0,0,0,0,NA,NA,NA,NA,NA,NA,1,0
"25","David M. DeVillers","U.S. Attorney for the S.D. Ohio","prosecutor","10/28/2019",NA,NA,"","male",1,"Republican","State University of New York at Oswego",NA,NA,"Capital University",-0.041,166,0,0,0,0,0,0,0,0,1,1,0,0,0,NA,NA,NA,NA,NA,NA,1,0
"26","Donald Q. Cochran","U.S. Attorney for the M.D. of Tennessee","prosecutor","9/21/2017",NA,NA,"","male",0,NA,"Vanderbilt University",NA,NA,"Vanderbilt University",-0.556,15,0,0,0,0,0,0,0,0,1,0,0,1,0,1,NA,NA,NA,NA,NA,0,1
"27","Doug Overbey","U.S. Attorney for the E.D. of Tennessee","prosecutor","11/21/2017","1954-12-11",65,"","male",0,"Republican","Carson Newman University",NA,NA,"University of Tennessee, Knoxville",-0.267,64,0,0,0,0,0,0,0,0,1,1,0,0,0,NA,NA,NA,NA,NA,NA,0,0
"28","Drew Wrigley","U.S. Attorney for the District of North Dakota","prosecutor","4/17/2019","1965-10-10",55,"Bismarck","male",1,"Republican","University of North Dakota",NA,NA,"American University",-0.834,64,0,0,0,0,0,0,0,0,1,0,0,1,0,NA,NA,NA,NA,1,NA,1,0
"29","Duane Kees","U.S. Attorney for the W.D. of Arkansas","prosecutor","1/5/2018","1975-01-01",45,"Little Rock","male",0,"Republican","University of Arkansas",NA,NA,"University of Arkansas, Little Rock",-0.29,148,0,0,0,1,0,0,0,1,1,1,0,1,0,1,NA,1,NA,1,NA,0,0
"30","Eric S. Dreiband","Assistant Attorney General for the Civil Rights Division","justicedept",NA,NA,NA,NA,NA,NA,NA,NA,NA,NA,NA,NA,NA,0,0,0,1,0,0,0,0,1,0,1,0,0,NA,NA,NA,NA,NA,NA,0,0
"31","Erica MacDonald","U.S. Attorney for the District of Minnesota","prosecutor","6/11/2018",NA,NA,"DeSoto","female",0,"Republican","University of Notre Dame",NA,NA,"DePaul University",-0.824,115,0,0,0,0,0,0,0,0,0,0,0,0,0,NA,NA,NA,NA,NA,NA,1,0
"32","Erin Nealy Cox","U.S. Attorney for the N.D. of Texas","prosecutor","11/17/2017","1970-01-01",50,"Pascagoula","female",0,"None",NA,NA,NA,"University of Texas, Austin",-0.165,15,0,0,0,0,0,0,0,0,1,1,0,1,0,1,NA,NA,NA,NA,NA,0,1
"33","G. Zachary Terwilliger","U.S. Attorney for the E.D. of Virginia","prosecutor","5/25/2018","1985-01-01",35,"Washington, D.C.","male",0,NA,"University of Virginia",NA,NA,"William & Mary",-0.414,36,0,0,0,1,0,0,1,0,1,1,0,1,0,1,NA,NA,NA,NA,NA,0,0
"34","Geoffrey Berman","U.S. Attorney for the S.D. of New York","prosecutor","","1959-09-12",61,"Trenton","male",NA,"Republican","University of Pennsylvania",NA,NA,"Stanford University",-0.878,4,1,1,0,0,0,0,0,0,1,0,0,1,0,1,NA,NA,NA,NA,NA,0,0
"35","Grant C. Jaquith","U.S. Attorney for the N.D. of New York","prosecutor","",NA,NA,"","male",NA,NA,"Presbyterian College",NA,NA,"University of Florida",-0.214,29,0,0,0,0,0,0,0,0,1,1,0,0,0,NA,NA,NA,NA,NA,NA,1,0
"36","Gretchen C.F. Shappert","U.S. Attorney for the District of the Virgin Islands",NA,NA,NA,NA,NA,NA,NA,NA,NA,NA,NA,NA,NA,NA,0,0,0,0,0,0,0,0,1,1,0,0,0,NA,NA,NA,NA,NA,NA,1,0
"37","Halsey Frank","U.S. Attorney for the District of Maine","prosecutor","10/10/2017",NA,NA,"","male",0,NA,"Wesleyan University",NA,NA,"Boston University",-0.93,19,0,0,0,0,0,0,0,0,0,0,0,0,0,NA,NA,NA,NA,NA,NA,1,0
"38","J. Cody Hiland","U.S. Attorney for the E.D. of Arkansas","prosecutor","10/10/2017","1975-01-01",45,"","male",0,NA,"University of Central Arkansas",NA,NA,"University of Arkansas, Little Rock",-0.29,148,0,0,0,1,0,0,0,1,1,1,0,0,0,NA,NA,NA,NA,NA,NA,0,0
"39","James. P Kennedy","U.S. Attorney for the W.D. of New York",NA,NA,NA,NA,NA,NA,NA,NA,NA,NA,NA,NA,NA,NA,0,0,0,0,0,0,0,0,1,1,0,0,0,NA,NA,NA,NA,NA,NA,1,0
"40","Jason R. Dunn","U.S. Attorney for the District of Colorado","prosecutor","10/26/2018",NA,NA,"","male",0,NA,"University of Colorado","University of Colorado",NA,"University of Colorado, Boulder",-0.829,36,0,0,0,0,0,0,0,0,0,0,0,0,0,NA,NA,NA,NA,NA,NA,0,1
"41","Jay Town","U.S. Attorney for the N.D. of Alabama","prosecutor","8/11/2017","1973-08-26",47,"","male",0,"Republican","University of Notre Dame",NA,NA,"Seton Hall University School of Law",-0.467,64,0,0,0,1,0,0,1,0,1,0,1,0,0,NA,NA,NA,NA,NA,NA,0,0
"42","Jefferson B. Sessions","Attorney General","justicedept",NA,NA,NA,NA,NA,NA,NA,NA,NA,NA,NA,NA,NA,1,1,0,0,0,0,0,0,0,0,0,0,0,NA,NA,NA,NA,NA,NA,0,0
"43","Jeffrey A. Rosen","Deputy Attorney General",NA,NA,NA,NA,NA,NA,NA,NA,NA,NA,NA,NA,NA,NA,0,0,0,1,0,0,0,0,0,0,0,0,0,NA,NA,NA,NA,NA,NA,0,0
"44","Jeffrey Bossert Clark","Assistant Attorney General for the Environment and Natural Resources Division","justicedept",NA,NA,NA,NA,NA,NA,NA,"Harvard University","University of Delaware",NA,"Georgetown University",-0.821,15,0,0,0,1,0,0,0,0,1,0,0,1,0,1,1,NA,NA,NA,NA,0,0
"45","Jeffrey Jensen","U.S. Attorney for the E.D. of Missouri","prosecutor","10/6/2017",NA,NA,"","male",0,NA,"Indiana University",NA,NA,"Saint Louis University",-0.752,92,0,0,0,0,0,0,0,0,0,0,0,0,0,NA,NA,NA,NA,NA,NA,1,0
"46","Jessie K. Liu","U.S. Attorney for the District of Columbia","prosecutor","9/24/2017","1973-01-02",47,"Kingsville","female",0,NA,"Harvard University",NA,NA,"Yale University",-0.913,1,1,1,1,0,0,0,0,0,1,0,0,1,0,1,1,NA,NA,NA,NA,0,0
"47","John Bash","U.S. Attorney for the W.D. of Texas","prosecutor","12/11/2017",NA,NA,"","male",0,NA,"Harvard University",NA,NA,"Harvard University",-0.816,1,0,0,0,1,0,0,0,0,1,0,0,1,0,1,NA,NA,NA,NA,NA,0,0
"48","John C. Anderson","U.S. Attorney for the District of New Mexico","prosecutor","2/23/2018","1975-01-01",45,"Smithtown","male",0,"Republican","Bowdoin College",NA,NA,"Fordham University",-0.773,24,0,0,0,0,0,0,0,0,0,0,0,0,0,NA,NA,NA,NA,NA,NA,1,0
"49","John C. Demers","Assistant Attorney General for the National Security Division","justicedept",NA,NA,NA,NA,NA,NA,NA,NA,NA,NA,NA,NA,NA,0,0,0,0,0,0,0,0,0,0,0,0,0,NA,NA,NA,NA,NA,NA,1,0
"50","John C. Milhiser","U.S. Attorney for the C.D. of Illinois","prosecutor","10/31/2018",NA,NA,"United States of America","male",0,"Republican","James Madison University",NA,NA,"University of Illinois",-0.865,36,0,0,0,0,0,0,0,0,0,0,0,0,0,NA,NA,NA,NA,NA,NA,0,1
"51","John Durham","U.S. Attorney for the District of Connecticut","prosecutor","2/22/2018","1950-01-01",70,"Boston","male",0,"None","Colgate University",NA,NA,"University of Connecticut",-0.654,64,0,0,0,0,0,0,0,0,0,0,0,0,0,NA,NA,NA,NA,NA,NA,1,0
"52","John R. Lausch Jr.","U.S. Attorney for the N.D. of Illinois","prosecutor","11/22/2017","1970-01-01",50,"Joliet","male",0,"None","Harvard University",NA,NA,"Northwestern University",-0.839,8,0,0,0,0,0,0,0,0,0,0,0,0,0,NA,NA,NA,NA,NA,NA,1,0
"53","John W. Huber","U.S. Attorney for the District of Utah","prosecutor","6/1/2015","1967-01-01",53,"Salt Lake City","male",0,NA,"University of Utah",NA,NA,"University of Utah",-0.487,58,0,0,0,0,0,0,0,0,0,0,0,0,0,NA,NA,NA,NA,NA,NA,1,0
"54","Joseph D. Brown","U.S. Attorney for the E.D. of Texas","prosecutor","2/26/2018","1970-01-01",50,"Sherman","male",0,"Republican","University of Texas at Austin",NA,NA,"Southern Methodist University",0.029,43,0,0,0,0,0,0,0,0,1,1,0,1,0,NA,NA,NA,NA,1,NA,0,1
"55","Joseph H. Hunt","Assistant Attorney General for the Civil Division","justicedept",NA,NA,NA,NA,NA,NA,NA,NA,NA,NA,NA,NA,NA,0,0,0,0,0,0,0,0,1,0,1,0,0,NA,NA,NA,NA,NA,NA,1,0
"56","Joseph P. Kelly","U.S. Attorney for the District of Nebraska","prosecutor","2/23/2018","1956-01-01",64,"Lexington","male",0,"Republican","University of Nebraska",NA,NA,"University of Nebraska",-0.005,88,0,0,0,0,0,0,0,0,1,1,0,0,0,NA,NA,NA,NA,NA,NA,0,1
"57","Joshua Minkler","U.S. Attorney for the S.D. of Indiana","prosecutor","10/10/2017","1963-03-14",57,"","male",0,NA,"Wabash College",NA,NA,"Indiana University Bloomington",-0.713,115,0,0,0,0,0,0,0,0,0,0,0,0,0,NA,NA,NA,NA,NA,NA,1,0
"58","Justin Herdman","U.S. Attorney for the N.D. of Ohio","prosecutor","8/21/2017",NA,NA,"","male",0,NA,"Ohio University","University of Glasgow",NA,"Harvard University",-0.816,1,0,0,0,0,0,0,0,0,1,0,1,1,0,1,NA,NA,NA,NA,NA,1,0
"59","Kenji M. Price","U.S. Attorney for the District of Hawaii","prosecutor","1/5/2018","1980-01-01",40,"Port Jervis","male",0,"Republican","Gonzaga University",NA,NA,"University of Pennsylvania",-0.865,6,0,0,0,0,0,0,0,0,1,0,0,1,0,1,NA,NA,NA,NA,NA,0,1
"60","Kurt Alme","U.S. Attorney for the District of Montana","prosecutor","9/21/2017",NA,NA,"Miles City","male",0,"Republican","University of Colorado",NA,NA,"Harvard University",-0.816,1,0,0,0,0,0,0,0,0,0,0,0,0,0,NA,NA,NA,NA,NA,NA,1,0
"61","Larry Keefe","U.S. Attorney for the N.D. of Florida","prosecutor","1/9/2019","1961-12-30",58,"Fort Dix","male",0,"Democrat","University of Florida",NA,NA,"University of Florida",-0.214,29,0,0,0,0,0,0,0,0,1,1,0,0,0,NA,NA,NA,NA,NA,NA,0,1
"62","Louis V. Franklin Sr.","U.S. Attorney for the M.D. of Alabama","prosecutor","9/21/2017","1958-01-01",62,"Montgomery","male",0,NA,"University of Alabama","Auburn University at Montgomery",NA,"Howard University",-1.17,148,0,0,0,0,0,0,0,0,0,0,0,0,0,NA,NA,NA,NA,NA,NA,1,0
"63","Makan Delrahim","Assistant Attorney General for the Antitrust Division","justicedept",NA,NA,NA,NA,NA,NA,NA,"University of California Los Angeles","John Hopkins University",NA,"George Washington University",-0.841,21,1,0,1,0,0,0,0,0,1,0,1,1,0,1,NA,NA,NA,NA,NA,0,0
"64","Marc Krickbaum","U.S. Attorney for the S.D. of Iowa","prosecutor","10/2/2017","1979-01-01",41,"Waco","male",0,"None","University of Iowa",NA,NA,"Harvard University",-0.816,1,0,0,0,0,0,0,0,0,0,0,0,0,0,NA,NA,NA,NA,NA,NA,1,0
"65","Maria Chapa Lopez","U.S. Attorney for the M.D. of Florida","prosecutor","1/5/2018",NA,NA,"","female",0,"Republican","University of Texas","The Judge Advocate General's Legal Center and School",NA,"South Texas College of Law",-0.08,148,0,0,0,0,0,0,0,0,1,1,0,0,0,NA,NA,NA,NA,NA,NA,1,0
"66","Mark Klassen","U.S. Attorney for the District of Wyoming",NA,NA,NA,NA,NA,NA,NA,NA,NA,NA,NA,NA,NA,NA,0,0,0,0,0,0,0,0,0,0,0,0,0,NA,NA,NA,NA,NA,NA,1,0
"67","Matthew J. Schneider","U.S. Attorney for the E.D. of Michigan","prosecutor","1/5/2018",NA,NA,"","male",0,NA,"Michigan State University",NA,NA,"University of Michigan",-0.776,8,0,0,0,0,0,0,0,0,1,0,1,1,0,1,NA,NA,NA,NA,NA,1,0
"68","Matthew Krueger","U.S. Attorney for the E.D. of Wisconsin","prosecutor","2/23/2018","1978-01-01",42,"Milwaukee","male",0,"Republican","University of Wisconsin–Madison",NA,NA,"University of Minnesota",-0.907,24,0,0,0,0,0,0,0,0,1,0,0,1,0,1,NA,NA,NA,NA,NA,0,1
"69","Matthew Martin","U.S. Attorney for the M.D. of North Carolina","prosecutor","11/9/2017","1979-01-01",41,"Wright-Patterson Air Force Base","male",0,"Republican","University of North Carolina",NA,NA,"University of North Carolina, Chapel Hill",-0.391,43,0,0,0,0,0,0,0,0,1,1,0,0,0,NA,NA,NA,NA,NA,NA,0,1
"70","McGregor W. Scott","U.S. Attorney for the E.D. of California","prosecutor","12/29/2017","1962-01-01",58,"Mountain View","male",0,"Republcian","Santa Clara University",NA,NA,"University of California, Hastings",-1.125,64,0,0,0,0,0,0,0,0,1,0,0,1,0,1,NA,NA,NA,NA,NA,1,0
"71","Michael B. Stuart","U.S. Attorney for the S.D. of West Virginia","prosecutor","1/9/2018","1967-01-06",53,"Philippi","male",0,"Republican","West Virginia University",NA,NA,"Boston University",-0.93,19,1,0,1,0,0,0,0,0,0,0,0,0,0,NA,NA,NA,NA,NA,NA,0,0
"72","Michael G. Bailey","U.S. Attorney for the District of Arizona","prosecutor","",NA,NA,"","male",1,"Republican","Westmont College",NA,NA,"University of Arizona",-0.776,29,0,0,0,0,0,0,0,0,0,0,0,0,0,NA,NA,NA,NA,NA,NA,0,1
"73","Michael Sherwin","U.S. Attorney for the District of Columbia",NA,NA,NA,NA,NA,NA,NA,NA,NA,NA,NA,NA,NA,NA,1,1,0,0,0,0,0,0,1,1,0,0,0,NA,NA,NA,NA,NA,NA,0,0
"74","Nicholas A. Trutanich","U.S. Attorney for the District of Nevada","prosecutor","1/16/2019",NA,NA,"","male",0,"Democrat","University of California, Davis",NA,NA,"Georgetown University",-0.821,15,0,0,0,0,0,0,0,0,0,0,0,0,0,NA,NA,NA,NA,NA,NA,1,0
"75","Nicola T. Hanna","U.S. Attorney for the C.D. of California","prosecutor","1/5/2018","1961-09-19",59,"","male",0,"Republican","University of California, San Diego",NA,NA,"Georgetown University",-0.821,15,0,0,0,0,0,0,0,0,0,0,0,0,0,NA,NA,NA,NA,NA,NA,1,0
"76","Noel Francisco","Principal Deputy Solicitor General","justicedept",NA,NA,NA,NA,NA,NA,NA,"University of Chicago",NA,NA,"University of Chicago",-0.833,4,0,0,0,1,0,0,0,0,1,0,1,1,0,1,1,NA,NA,NA,NA,0,0
"77","Peter Deegan","U.S. Attorney for the N.D. of Iowa","prosecutor","9/21/2017","1970-01-01",50,"Port Huron","male",0,"Republican","University of Notre Dame",NA,NA,"Wayne State University",-0.311,64,0,0,0,0,0,0,0,0,1,1,0,0,0,NA,NA,NA,NA,NA,NA,1,0
"78","Peter G. Strasser","U.S. Attorney for the E.D. of Louisiana","prosecutor","9/10/2018",NA,NA,"","male",0,NA,"University of Virginia",NA,NA,"Washington and Lee University",-0.401,29,0,0,0,0,0,0,0,0,1,1,0,0,0,NA,NA,NA,NA,NA,NA,1,0
"79","Peter M. McCoy Jr.","U.S. Attorney for the District of South Carolina","prosecutor","3/30/2020","1978-08-20",42,"Charleston","male",NA,"Republican","Hampden-Sydney College",NA,NA,"Regent University",0.264,102,0,0,0,0,0,0,0,0,1,1,0,1,0,NA,NA,NA,NA,1,NA,0,0
"80","R. Andrew Murray","U.S. Attorney for the W.D. of North Carolina","prosecutor","11/27/2017",NA,NA,"","male",0,"Republican","University of North Carolina at Charlotte",NA,NA,"University of North Carolina, Chapel Hill",-0.391,43,0,0,0,0,0,0,0,0,1,1,0,0,0,NA,NA,NA,NA,NA,NA,0,1
"81","R. Trent Shores","U.S. Attorney for the N.D. of Oklahoma","prosecutor","10/21/2017",NA,NA,"","male",0,"Republican","Vanderbilt University",NA,NA,"University of Oklahoma",0.062,77,0,0,0,0,0,0,0,0,1,1,0,1,0,1,NA,NA,NA,NA,NA,1,0
"82","Rachel L. Brand","Associate Attorney General","justicedept",NA,NA,NA,NA,NA,NA,NA,"University of Minnesota - Morris",NA,NA,"Harvard University",-0.816,1,0,0,0,0,0,0,0,0,1,0,0,1,0,1,NA,NA,NA,NA,NA,0,1
"83","Richard Donoghue","U.S. Attorney for the E.D. of New York",NA,NA,NA,NA,NA,NA,NA,NA,NA,NA,NA,NA,NA,NA,1,1,0,0,0,0,0,0,0,0,0,0,0,NA,NA,NA,NA,NA,NA,0,0
"84","Richard W. Moore","U.S. Attorney for the S.D. of Alabama","prosecutor","9/22/2017","1952-01-01",68,"Bartow","male",0,"None","Spring Hill College",NA,NA,"Cumberland University",0.382,148,0,0,0,0,0,0,0,0,1,1,0,0,0,NA,NA,NA,NA,NA,NA,1,0
"85","Robert Higdon Jr.","U.S. Attorney for the E.D. of North Carolina","prosecutor","10/10/2017",NA,NA,"","male",0,NA,"Wake Forest University",NA,NA,"Wake Forest University",-0.349,36,0,0,0,0,0,0,0,0,1,1,1,0,0,NA,NA,NA,NA,NA,NA,1,0
"86","Robert K. Hur","U.S. Attorney for the District of Maryland",NA,NA,NA,NA,NA,NA,NA,NA,NA,NA,NA,NA,NA,NA,0,0,0,1,0,0,0,0,1,0,1,0,0,NA,NA,NA,NA,NA,NA,0,0
"87","Robert M. Duncan Jr.","U.S. Attorney for the E.D. of Kentucky","prosecutor","11/21/2017","1978-01-01",42,"Ashland","male",0,"Republcian","Centre College",NA,NA,"University of Kentucky",0.039,92,0,0,0,1,0,1,0,0,1,1,0,1,0,1,NA,NA,NA,NA,NA,0,0
"88","Robert S. Brewer Jr.","U.S. Attorney for the S.D. of California","prosecutor","1/16/2019","1946-01-01",74,"Hartford","male",0,NA,"St. Lawrence University",NA,NA,"University of San Diego",-0.256,58,0,0,0,0,0,0,0,0,1,1,1,1,0,1,NA,NA,NA,NA,NA,0,1
"89","Rod J. Rosenstein","Deputy Attorney General","justicedept",NA,NA,NA,NA,NA,NA,NA,"University of Pennsylvania",NA,NA,"Harvard University",-0.816,1,0,0,0,0,0,0,0,0,1,0,1,1,0,1,1,NA,NA,NA,NA,1,0
"90","Ron A. Parsons Jr.","U.S. Attorney for the District of South Dakota","prosecutor","1/5/2018",NA,NA,"","male",0,"Republican","University of Minnesota",NA,NA,"University of South Dakota",0.061,157,0,0,0,0,0,0,0,0,1,1,0,0,0,NA,NA,NA,NA,NA,NA,0,1
"91","Russell Coleman","U.S. Attorney for the W.D. of Kentucky","prosecutor","9/22/2017",NA,NA,"","male",0,"Republican","University of Kentucky",NA,NA,"University of Kentucky",0.039,92,0,0,0,1,0,0,1,0,1,1,0,0,0,NA,NA,NA,NA,NA,NA,0,0
"92","Ryan Patrick","U.S. Attorney for the S.D. of Texas","prosecutor","1/8/2018","1979-01-01",41,"Washington, D.C.","male",0,"Republican","Baylor University",NA,NA,"South Texas College of Law",-0.08,148,0,0,0,1,0,0,0,1,1,1,0,1,0,1,NA,NA,1,NA,NA,0,0
"93","Scott Blader","U.S. Attorney for the W.D. of Wisconsin","prosecutor","11/22/2017","1974-01-01",46,"Wild Rose","male",0,"Republican","University of Wisconsin-Oshkosh",NA,NA,"Marquette University",-0.502,102,0,0,0,0,0,0,0,0,0,0,0,0,0,NA,NA,NA,NA,NA,NA,0,1
"94","Scott Brady","U.S. Attorney for the W.D. of Pennsylvania","prosecutor","12/22/2017",NA,NA,"","male",0,NA,"Harvard University",NA,NA,"Dickinson Law",-0.337,52,0,0,0,0,0,0,0,0,1,1,1,0,0,NA,NA,NA,NA,NA,NA,0,1
"95","Scott W. Murray","U.S. Attorney for the District of New Hampshire","prosecutor","3/5/2018","1954-01-01",66,"Rochester","male",0,"Republican","University of New Hampshire","University of New Hampshire",NA,"University of New Hampshire",-0.14,88,0,0,0,0,0,0,0,0,1,1,0,0,0,NA,NA,NA,NA,NA,NA,0,1
"96","Shawn N. Anderson","U.S. Attorney for the District of Guam & Northern Mariana Islands",NA,NA,NA,NA,NA,NA,NA,NA,NA,NA,NA,NA,NA,NA,0,0,0,0,0,0,0,0,0,0,0,0,0,NA,NA,NA,NA,NA,NA,1,0
"97","Sherri Lydon","U.S. Attorney for the District of South Carolina","prosecutor","5/24/2018","1962-02-21",58,"Myrtle Beach Air Force Base","female",0,"None","Clemson University",NA,NA,"University of South Carolina",0.171,92,0,0,0,0,0,0,0,0,1,1,0,0,0,NA,NA,NA,NA,NA,NA,0,1
"98","Stephen Boyd","Assistant Attorney General for Legislative Affairs",NA,NA,NA,NA,NA,NA,NA,NA,NA,NA,NA,NA,NA,NA,0,0,1,1,1,0,0,0,1,1,0,1,0,NA,NA,NA,NA,NA,NA,0,0
"99","Stephen McAllister","U.S. Attorney for the District of Kansas","prosecutor","1/25/2018",NA,NA,"","male",0,NA,"University of Kansas",NA,NA,"University of Kansas",-0.391,77,0,0,0,0,0,0,0,0,1,1,0,1,0,1,NA,NA,NA,NA,NA,0,1
"100","Steven A. Engel","Assistant Attorney General for the Office of the Legal Counsel","justicedept",NA,NA,NA,NA,NA,NA,NA,"Harvard University","University of Cambridge",NA,"Yale University",-0.913,1,1,0,1,0,0,0,0,0,1,0,0,1,0,1,NA,NA,NA,NA,NA,0,0
"101","Steven D. Weinhoeft","U.S. Attorney for the S.D. of Illinois",NA,NA,NA,NA,NA,NA,NA,NA,NA,NA,NA,NA,NA,NA,0,0,0,0,0,0,0,0,0,0,0,0,0,NA,NA,NA,NA,NA,NA,1,0
"102","Thomas Kirsch","U.S. Attorney for the N.D. of Indiana","prosecutor","10/10/2017","1974-01-25",46,"","male",0,NA,"Indiana University",NA,NA,"Harvard University",-0.816,1,0,0,0,0,0,0,0,0,0,0,0,0,0,NA,NA,NA,NA,NA,NA,1,0
"103","Thomas T. Cullen","U.S. Attorney for the W.D. of Virginia","prosecutor","3/30/2018","1977-01-01",43,"Richmond","male",0,"None","Furman University",NA,NA,"William & Mary",-0.414,36,0,0,0,1,1,0,0,0,1,1,0,1,0,1,NA,NA,NA,NA,1,0,0
"104","Timothy A. Garrison","U.S. Attorney for the W.D. of Missouri","prosecutor","1/5/2018","1976-01-01",44,"Urbana","male",0,"Republican","Drury University","University of Missouri",NA,"University of Missouri",-0.197,77,0,0,0,0,0,0,0,0,1,1,0,1,0,1,NA,NA,NA,NA,1,1,0
"105","Timothy J. Downing","U.S. Attorney for the W.D. of Oklahoma","prosecutor","6/5/2019",NA,NA,"","male",1,"Republican","University of Oklahoma","Oral Roberts University",NA,"Regent University",0.264,102,0,0,0,0,0,0,0,0,1,1,0,1,0,1,NA,NA,NA,NA,NA,1,0
"106","W. Stephen Muldrow","U.S. Attorney for the District of Puerto Rico","prosecutor","10/4/2019","1964-06-15",56,"","male",1,NA,"Bucknell University","American University School of International Service",NA,"American University",-0.834,64,0,0,0,0,0,0,0,0,0,0,0,0,0,NA,NA,NA,NA,NA,NA,1,0
"107","William C. Lamar","U.S. Attorney for the N.D. of Mississippi","prosecutor","",NA,NA,"","male",NA,NA,"Millsaps College",NA,NA,"University of Mississippi",0.406,92,0,0,0,0,0,0,0,0,1,1,0,0,0,NA,NA,NA,NA,NA,NA,1,0
"108","William D. Hyslop","U.S. Attorney for the E.D. of Washington","prosecutor","7/18/2019","1951-01-01",69,"Spokane","male",1,NA,"Washington State University","University of Washington",NA,"Gonzaga University",-0.404,102,0,0,0,0,0,0,0,0,1,1,0,0,0,NA,NA,NA,NA,NA,NA,1,0
"109","William M. McSwain","U.S. Attorney for the E.D. of Pennsylvania","prosecutor","4/6/2018","1969-01-01",51,"Philadelphia","male",0,"Republican","Yale University",NA,NA,"Harvard University",-0.816,1,0,0,0,0,0,0,0,0,1,0,0,1,0,1,NA,NA,NA,NA,NA,0,1
"110","William P. Barr","Attorney General","justicedept",NA,NA,NA,NA,NA,NA,NA,NA,NA,NA,NA,NA,NA,1,1,0,0,0,0,0,0,0,0,0,0,0,NA,NA,NA,NA,NA,NA,0,0
"111","William Powell","U.S. Attorney for the N.D. of Virginia",NA,NA,NA,NA,NA,NA,NA,NA,NA,NA,NA,NA,NA,NA,0,0,0,0,0,0,0,0,0,0,0,0,0,NA,NA,NA,NA,NA,NA,0,1
