"","agency_name","agency_title","person","employer","start_date","end_date","title","bachelors","masters","law","doctorate","law_rank","law_conservative_score","federalist_society","heritage_foundation"
"1","Justice","Assistant Attorney General for the Office of Legal Policy","Beth Ann Williams","A. S. Trust",2017,NA,"Trustee","Harvard University",NA,"Harvard Law School",NA,1,25,1,1
"2","Justice","Assistant Attorney General for the Office of Legal Policy","Beth Ann Williams","A. S. Trust",2017,NA,"Trustee","Harvard University",NA,"Harvard Law School",NA,NA,NA,1,1
"3","Justice","Assistant Attorney General for the Office of Legal Policy","Beth Ann Williams","Accenture PLC",2017,NA,"Legal services","Harvard University",NA,"Harvard Law School",NA,1,25,1,1
"4","Justice","Assistant Attorney General for the Office of Legal Policy","Beth Ann Williams","Accenture PLC",2017,NA,"Legal services","Harvard University",NA,"Harvard Law School",NA,NA,NA,1,1
"5","Justice","Assistant Attorney General for the Office of Legal Policy","Beth Ann Williams","Avanade Inc.",2017,NA,"Legal services","Harvard University",NA,"Harvard Law School",NA,1,25,1,1
"6","Justice","Assistant Attorney General for the Office of Legal Policy","Beth Ann Williams","Avanade Inc.",2017,NA,"Legal services","Harvard University",NA,"Harvard Law School",NA,NA,NA,1,1
"7","Justice","Assistant Attorney General for the Office of Legal Policy","Beth Ann Williams","Avison Young",2017,NA,"Legal services","Harvard University",NA,"Harvard Law School",NA,1,25,1,1
"8","Justice","Assistant Attorney General for the Office of Legal Policy","Beth Ann Williams","Avison Young",2017,NA,"Legal services","Harvard University",NA,"Harvard Law School",NA,NA,NA,1,1
"9","Justice","Assistant Attorney General for the Office of Legal Policy","Beth Ann Williams","Chipotle, Inc.",2017,NA,"Legal services","Harvard University",NA,"Harvard Law School",NA,1,25,1,1
"10","Justice","Assistant Attorney General for the Office of Legal Policy","Beth Ann Williams","Chipotle, Inc.",2017,NA,"Legal services","Harvard University",NA,"Harvard Law School",NA,NA,NA,1,1
"11","Justice","Assistant Attorney General for the Office of Legal Policy","Beth Ann Williams","Commonwealth of Puerto Rico",2017,NA,"Legal services","Harvard University",NA,"Harvard Law School",NA,1,25,1,1
"12","Justice","Assistant Attorney General for the Office of Legal Policy","Beth Ann Williams","Commonwealth of Puerto Rico",2017,NA,"Legal services","Harvard University",NA,"Harvard Law School",NA,NA,NA,1,1
"13","Justice","Assistant Attorney General for the Office of Legal Policy","Beth Ann Williams","Confidential Client",2017,NA,"Legal services","Harvard University",NA,"Harvard Law School",NA,1,25,1,1
"14","Justice","Assistant Attorney General for the Office of Legal Policy","Beth Ann Williams","Confidential Client",2017,NA,"Legal services","Harvard University",NA,"Harvard Law School",NA,NA,NA,1,1
"15","Justice","Assistant Attorney General for the Office of Legal Policy","Beth Ann Williams","Facebook, Inc.",2017,NA,"Legal services","Harvard University",NA,"Harvard Law School",NA,1,25,1,1
"16","Justice","Assistant Attorney General for the Office of Legal Policy","Beth Ann Williams","Facebook, Inc.",2017,NA,"Legal services","Harvard University",NA,"Harvard Law School",NA,NA,NA,1,1
"17","Justice","Assistant Attorney General for the Office of Legal Policy","Beth Ann Williams","Henkel Corporation",2017,NA,"Legal services","Harvard University",NA,"Harvard Law School",NA,1,25,1,1
"18","Justice","Assistant Attorney General for the Office of Legal Policy","Beth Ann Williams","Henkel Corporation",2017,NA,"Legal services","Harvard University",NA,"Harvard Law School",NA,NA,NA,1,1
"19","Justice","Assistant Attorney General for the Office of Legal Policy","Beth Ann Williams","Karma Automotive LLC",2017,NA,"Legal services","Harvard University",NA,"Harvard Law School",NA,1,25,1,1
"20","Justice","Assistant Attorney General for the Office of Legal Policy","Beth Ann Williams","Karma Automotive LLC",2017,NA,"Legal services","Harvard University",NA,"Harvard Law School",NA,NA,NA,1,1
"21","Justice","Assistant Attorney General for the Office of Legal Policy","Beth Ann Williams","Kirkland & Ellis",2017,NA,"Legal services","Harvard University",NA,"Harvard Law School",NA,1,25,1,1
"22","Justice","Assistant Attorney General for the Office of Legal Policy","Beth Ann Williams","Kirkland & Ellis",2017,NA,"Legal services","Harvard University",NA,"Harvard Law School",NA,NA,NA,1,1
"23","Justice","Assistant Attorney General for the Office of Legal Policy","Beth Ann Williams","Kirkland & Ellis",2017,NA,"Partner","Harvard University",NA,"Harvard Law School",NA,1,25,1,1
"24","Justice","Assistant Attorney General for the Office of Legal Policy","Beth Ann Williams","Kirkland & Ellis",2017,NA,"Partner","Harvard University",NA,"Harvard Law School",NA,NA,NA,1,1
"25","Justice","Assistant Attorney General for the Office of Legal Policy","Beth Ann Williams","Kirkland & Ellis",2010,2017,"Partner","Harvard University",NA,"Harvard Law School",NA,1,25,1,1
"26","Justice","Assistant Attorney General for the Office of Legal Policy","Beth Ann Williams","Kirkland & Ellis",2010,2017,"Partner","Harvard University",NA,"Harvard Law School",NA,NA,NA,1,1
"27","Justice","Assistant Attorney General for the Office of Legal Policy","Beth Ann Williams","Kirkland & Ellis",2006,2010,"Associate","Harvard University",NA,"Harvard Law School",NA,1,25,1,1
"28","Justice","Assistant Attorney General for the Office of Legal Policy","Beth Ann Williams","Kirkland & Ellis",2006,2010,"Associate","Harvard University",NA,"Harvard Law School",NA,NA,NA,1,1
"29","Justice","Assistant Attorney General for the Office of Legal Policy","Beth Ann Williams","POET LLC",2017,NA,"Legal services","Harvard University",NA,"Harvard Law School",NA,1,25,1,1
"30","Justice","Assistant Attorney General for the Office of Legal Policy","Beth Ann Williams","POET LLC",2017,NA,"Legal services","Harvard University",NA,"Harvard Law School",NA,NA,NA,1,1
"31","Justice","Assistant Attorney General for the Office of Legal Policy","Beth Ann Williams","Questar Corporation",2017,NA,"Legal services","Harvard University",NA,"Harvard Law School",NA,1,25,1,1
"32","Justice","Assistant Attorney General for the Office of Legal Policy","Beth Ann Williams","Questar Corporation",2017,NA,"Legal services","Harvard University",NA,"Harvard Law School",NA,NA,NA,1,1
"33","Justice","Assistant Attorney General for the Office of Legal Policy","Beth Ann Williams","SAIC, Inc.",2017,NA,"Legal services","Harvard University",NA,"Harvard Law School",NA,1,25,1,1
"34","Justice","Assistant Attorney General for the Office of Legal Policy","Beth Ann Williams","SAIC, Inc.",2017,NA,"Legal services","Harvard University",NA,"Harvard Law School",NA,NA,NA,1,1
"35","Justice","Assistant Attorney General for the Office of Legal Policy","Beth Ann Williams","UBS Securities LLC",2017,NA,"Legal services","Harvard University",NA,"Harvard Law School",NA,1,25,1,1
"36","Justice","Assistant Attorney General for the Office of Legal Policy","Beth Ann Williams","UBS Securities LLC",2017,NA,"Legal services","Harvard University",NA,"Harvard Law School",NA,NA,NA,1,1
"37","Justice","Assistant Attorney General for the Office of Legal Policy","Beth Ann Williams","United States Court of Appeals for the Second Circuit",2004,2005,"Law Clerk","Harvard University",NA,"Harvard Law School",NA,1,25,1,1
"38","Justice","Assistant Attorney General for the Office of Legal Policy","Beth Ann Williams","United States Court of Appeals for the Second Circuit",2004,2005,"Law Clerk","Harvard University",NA,"Harvard Law School",NA,NA,NA,1,1
"39","Justice","Assistant Attorney General for the Office of Legal Policy","Beth Ann Williams","United States Senate",2005,2006,"Special Counsel","Harvard University",NA,"Harvard Law School",NA,1,25,1,1
"40","Justice","Assistant Attorney General for the Office of Legal Policy","Beth Ann Williams","United States Senate",2005,2006,"Special Counsel","Harvard University",NA,"Harvard Law School",NA,NA,NA,1,1
"41","Justice","Assistant Attorney General for the Criminal Division","Brian Allen Benczkowski","AbbVie, Inc.",NA,NA,"Legal services",NA,NA,NA,NA,NA,NA,NA,NA
"42","Justice","Assistant Attorney General for the Criminal Division","Brian Allen Benczkowski","Blue Cross Blue Shield",NA,NA,"Legal services",NA,NA,NA,NA,NA,NA,NA,NA
"43","Justice","Assistant Attorney General for the Criminal Division","Brian Allen Benczkowski","BP America",NA,NA,"Legal services",NA,NA,NA,NA,NA,NA,NA,NA
"44","Justice","Assistant Attorney General for the Criminal Division","Brian Allen Benczkowski","Charter Communications, Inc.",NA,NA,"Legal services",NA,NA,NA,NA,NA,NA,NA,NA
"45","Justice","Assistant Attorney General for the Criminal Division","Brian Allen Benczkowski","Citibank, N.A.",NA,NA,"Legal services",NA,NA,NA,NA,NA,NA,NA,NA
"46","Justice","Assistant Attorney General for the Criminal Division","Brian Allen Benczkowski","Commonwealth of Puerto Rico",NA,NA,"Legal services",NA,NA,NA,NA,NA,NA,NA,NA
"47","Justice","Assistant Attorney General for the Criminal Division","Brian Allen Benczkowski","Covanta Holding Corporation",NA,NA,"Legal services",NA,NA,NA,NA,NA,NA,NA,NA
"48","Justice","Assistant Attorney General for the Criminal Division","Brian Allen Benczkowski","Elect Blake Farenthold Committee",NA,NA,"Legal services",NA,NA,NA,NA,NA,NA,NA,NA
"49","Justice","Assistant Attorney General for the Criminal Division","Brian Allen Benczkowski","Fortinet",NA,NA,"Legal services",NA,NA,NA,NA,NA,NA,NA,NA
"50","Justice","Assistant Attorney General for the Criminal Division","Brian Allen Benczkowski","Greenbriar Equity Group",NA,NA,"Legal services",NA,NA,NA,NA,NA,NA,NA,NA
"51","Justice","Assistant Attorney General for the Criminal Division","Brian Allen Benczkowski","HSBC Holdings PLC",NA,NA,"Legal services",NA,NA,NA,NA,NA,NA,NA,NA
"52","Justice","Assistant Attorney General for the Criminal Division","Brian Allen Benczkowski","Kirkland & Ellis",NA,NA,"Partner",NA,NA,NA,NA,NA,NA,NA,NA
"53","Justice","Assistant Attorney General for the Criminal Division","Brian Allen Benczkowski","Legacy Cabinets, Inc.",NA,NA,"Legal services",NA,NA,NA,NA,NA,NA,NA,NA
"54","Justice","Assistant Attorney General for the Criminal Division","Brian Allen Benczkowski","Two confidential clients",NA,NA,"Legal services",NA,NA,NA,NA,NA,NA,NA,NA
"55","Justice","Assistant Attorney General for the Criminal Division","Brian Allen Benczkowski","Valeant Pharmaceuticals and Valeant Indepdendent Directors",NA,NA,"Legal services",NA,NA,NA,NA,NA,NA,NA,NA
"56","Justice","Assistant Attorney General for the Criminal Division","Brian Allen Benczkowski","Viking Global Investors",NA,NA,"Legal services",NA,NA,NA,NA,NA,NA,NA,NA
"57","Justice","Assistant Attorney General for the Criminal Division","Brian Allen Benczkowski","Volkswagen Group of America",NA,NA,"Legal services",NA,NA,NA,NA,NA,NA,NA,NA
"58","Justice","Assistant Attorney General for the Civil Rights Division","Eric S. Dreiband","Abbott Laboratories",NA,NA,"Legal Services (client of Jones Day)",NA,NA,NA,NA,NA,NA,NA,NA
"59","Justice","Assistant Attorney General for the Civil Rights Division","Eric S. Dreiband","Abercrombie & Fitch Stores, Inc.",NA,NA,"Legal Services (client of Jones Day)",NA,NA,NA,NA,NA,NA,NA,NA
"60","Justice","Assistant Attorney General for the Civil Rights Division","Eric S. Dreiband","Americold Logistics",NA,NA,"Legal Services (client of Jones Day)",NA,NA,NA,NA,NA,NA,NA,NA
"61","Justice","Assistant Attorney General for the Civil Rights Division","Eric S. Dreiband","Bloomberg, L.P.",NA,NA,"Legal Services (client of Jones Day)",NA,NA,NA,NA,NA,NA,NA,NA
"62","Justice","Assistant Attorney General for the Civil Rights Division","Eric S. Dreiband","BNSF Railway Company",NA,NA,"Legal Services (client of Jones Day)",NA,NA,NA,NA,NA,NA,NA,NA
"63","Justice","Assistant Attorney General for the Civil Rights Division","Eric S. Dreiband","Bridgewater Associates",NA,NA,"Legal Services (client of Jones Day)",NA,NA,NA,NA,NA,NA,NA,NA
"64","Justice","Assistant Attorney General for the Civil Rights Division","Eric S. Dreiband","Career Builder",NA,NA,"Legal Services (client of Jones Day)",NA,NA,NA,NA,NA,NA,NA,NA
"65","Justice","Assistant Attorney General for the Civil Rights Division","Eric S. Dreiband","Citgo Petroleum",NA,NA,"Legal Services (client of Jones Day)",NA,NA,NA,NA,NA,NA,NA,NA
"66","Justice","Assistant Attorney General for the Civil Rights Division","Eric S. Dreiband","Cleveland Clinic",NA,NA,"Legal Services (client of Jones Day)",NA,NA,NA,NA,NA,NA,NA,NA
"67","Justice","Assistant Attorney General for the Civil Rights Division","Eric S. Dreiband","Cornfields, Inc.",NA,NA,"Legal Services (client of Jones Day)",NA,NA,NA,NA,NA,NA,NA,NA
"68","Justice","Assistant Attorney General for the Civil Rights Division","Eric S. Dreiband","CSX Corporation",NA,NA,"Legal Services (client of Jones Day)",NA,NA,NA,NA,NA,NA,NA,NA
"69","Justice","Assistant Attorney General for the Civil Rights Division","Eric S. Dreiband","CVS Health Corporation",NA,NA,"Legal Services (client of Jones Day)",NA,NA,NA,NA,NA,NA,NA,NA
"70","Justice","Assistant Attorney General for the Civil Rights Division","Eric S. Dreiband","Cytec Industries",NA,NA,"Legal Services (client of Jones Day)",NA,NA,NA,NA,NA,NA,NA,NA
"71","Justice","Assistant Attorney General for the Civil Rights Division","Eric S. Dreiband","Donald J. Trump for President, Inc.",NA,NA,"Legal Services (client of Jones Day)",NA,NA,NA,NA,NA,NA,NA,NA
"72","Justice","Assistant Attorney General for the Civil Rights Division","Eric S. Dreiband","EcoLab",NA,NA,"Legal Services (client of Jones Day)",NA,NA,NA,NA,NA,NA,NA,NA
"73","Justice","Assistant Attorney General for the Civil Rights Division","Eric S. Dreiband","Enrollforce, LLC",NA,NA,"Legal Services (client of Jones Day)",NA,NA,NA,NA,NA,NA,NA,NA
"74","Justice","Assistant Attorney General for the Civil Rights Division","Eric S. Dreiband","Federalist Society",NA,NA,"Legal Services (client of Jones Day)",NA,NA,NA,NA,NA,NA,NA,NA
"75","Justice","Assistant Attorney General for the Civil Rights Division","Eric S. Dreiband","Federalist Society",NA,NA,"Chair - regulatory reform project",NA,NA,NA,NA,NA,NA,NA,NA
"76","Justice","Assistant Attorney General for the Civil Rights Division","Eric S. Dreiband","Federalist Society",NA,NA,"Chair Regulatory Reform Project",NA,NA,NA,NA,NA,NA,NA,NA
"77","Justice","Assistant Attorney General for the Civil Rights Division","Eric S. Dreiband","Follett Corporation",NA,NA,"Legal Services (client of Jones Day)",NA,NA,NA,NA,NA,NA,NA,NA
"78","Justice","Assistant Attorney General for the Civil Rights Division","Eric S. Dreiband","Franciscan Alliance",NA,NA,"Legal Services (client of Jones Day)",NA,NA,NA,NA,NA,NA,NA,NA
"79","Justice","Assistant Attorney General for the Civil Rights Division","Eric S. Dreiband","Groupon",NA,NA,"Legal Services (client of Jones Day)",NA,NA,NA,NA,NA,NA,NA,NA
"80","Justice","Assistant Attorney General for the Civil Rights Division","Eric S. Dreiband","ICON Health & Fitness, Inc.",NA,NA,"Legal Services (client of Jones Day)",NA,NA,NA,NA,NA,NA,NA,NA
"81","Justice","Assistant Attorney General for the Civil Rights Division","Eric S. Dreiband","Jones Day LLP",NA,NA,"Partner at Jones Day",NA,NA,NA,NA,NA,NA,NA,NA
"82","Justice","Assistant Attorney General for the Civil Rights Division","Eric S. Dreiband","Jones Day LLP",NA,NA,"Partner",NA,NA,NA,NA,NA,NA,NA,NA
"83","Justice","Assistant Attorney General for the Civil Rights Division","Eric S. Dreiband","Koninklijke Ahold",NA,NA,"Legal Services (client of Jones Day)",NA,NA,NA,NA,NA,NA,NA,NA
"84","Justice","Assistant Attorney General for the Civil Rights Division","Eric S. Dreiband","McDonald's Corporation",NA,NA,"Legal Services (client of Jones Day)",NA,NA,NA,NA,NA,NA,NA,NA
"85","Justice","Assistant Attorney General for the Civil Rights Division","Eric S. Dreiband","National Railway Labor Conference",NA,NA,"Legal Services (client of Jones Day)",NA,NA,NA,NA,NA,NA,NA,NA
"86","Justice","Assistant Attorney General for the Civil Rights Division","Eric S. Dreiband","Publix Supermarkets",NA,NA,"Legal Services (client of Jones Day)",NA,NA,NA,NA,NA,NA,NA,NA
"87","Justice","Assistant Attorney General for the Civil Rights Division","Eric S. Dreiband","R.J. Reynolds Tobacco Company",NA,NA,"Legal Services (client of Jones Day)",NA,NA,NA,NA,NA,NA,NA,NA
"88","Justice","Assistant Attorney General for the Civil Rights Division","Eric S. Dreiband","Republican National Committee",NA,NA,"Legal Services (client of Jones Day)",NA,NA,NA,NA,NA,NA,NA,NA
"89","Justice","Assistant Attorney General for the Civil Rights Division","Eric S. Dreiband","Retail Litigation Center",NA,NA,"Legal Services (client of Jones Day)",NA,NA,NA,NA,NA,NA,NA,NA
"90","Justice","Assistant Attorney General for the Civil Rights Division","Eric S. Dreiband","Reynolds American, Inc.",NA,NA,"Legal Services (client of Jones Day)",NA,NA,NA,NA,NA,NA,NA,NA
"91","Justice","Assistant Attorney General for the Civil Rights Division","Eric S. Dreiband","Texas Roadhouse",NA,NA,"Legal Services (client of Jones Day)",NA,NA,NA,NA,NA,NA,NA,NA
"92","Justice","Assistant Attorney General for the Civil Rights Division","Eric S. Dreiband","U.S. Chamber of Commerce",NA,NA,"Legal Services (client of Jones Day)",NA,NA,NA,NA,NA,NA,NA,NA
"93","Justice","Assistant Attorney General for the Civil Rights Division","Eric S. Dreiband","U.S. Steel Corporation",NA,NA,"Legal Services (client of Jones Day)",NA,NA,NA,NA,NA,NA,NA,NA
"94","Justice","Assistant Attorney General for the Civil Rights Division","Eric S. Dreiband","University of North Carolina",NA,NA,"Legal Services (client of Jones Day)",NA,NA,NA,NA,NA,NA,NA,NA
"95","Justice","Assistant Attorney General for the Civil Rights Division","Eric S. Dreiband","Verizon Communications",NA,NA,"Legal Services (client of Jones Day)",NA,NA,NA,NA,NA,NA,NA,NA
"96","Justice","Assistant Attorney General for the Civil Rights Division","Eric S. Dreiband","Washington Post",NA,NA,"Legal Services (client of Jones Day)",NA,NA,NA,NA,NA,NA,NA,NA
"97","Justice","Attorney General","Jefferson B. Sessions","Samford University",NA,NA,"Member of Board of Overseers",NA,NA,NA,NA,NA,NA,NA,NA
"98","Justice","Attorney General","Jefferson B. Sessions","United States Senate",1997,2017,"Senator Alabama",NA,NA,NA,NA,NA,NA,NA,NA
"99","Justice","Attorney General","Jefferson B. Sessions","State of Alabama",1995,1997,"Attorney General",NA,NA,NA,NA,NA,NA,NA,NA
"100","Justice","Attorney General","Jefferson B. Sessions","United States Attorney's Office for the Southern District of Alabama",1981,1993,"US Attorney",NA,NA,NA,NA,NA,NA,NA,NA
"101","Justice","Attorney General","Jefferson B. Sessions","United States Army Reserve",1973,1986,"Captain",NA,NA,NA,NA,NA,NA,NA,NA
"102","Justice","Attorney General","Jefferson B. Sessions","United States Attorney's Office for the Southern District of Alabama",1975,1977,"Assistant Attorney",NA,NA,NA,NA,NA,NA,NA,NA
"103","Justice","Attorney General","Jefferson B. Sessions","Guin Bouldin & Porch",NA,NA,"Attorney",NA,NA,NA,NA,NA,NA,NA,NA
"104","Justice","Attorney General","Jefferson B. Sessions","Stockman & Bedsole",NA,NA,"Attorney",NA,NA,NA,NA,NA,NA,NA,NA
"105",NA,NA,"Jeffrey A. Rosen","Georgetown University Law Center",1996,2003,"Adjunct Professor","Northwestern University",NA,"Harvard Law School",NA,1,25,NA,NA
"106",NA,NA,"Jeffrey A. Rosen","Georgetown University Law Center",1996,2003,"Adjunct Professor","Northwestern University",NA,"Harvard Law School",NA,NA,NA,NA,NA
"107",NA,NA,"Jeffrey A. Rosen","Kirkland & Ellis",2009,2017,"Senior Partner","Northwestern University",NA,"Harvard Law School",NA,1,25,NA,NA
"108",NA,NA,"Jeffrey A. Rosen","Kirkland & Ellis",2009,2017,"Senior Partner","Northwestern University",NA,"Harvard Law School",NA,NA,NA,NA,NA
"109",NA,NA,"Jeffrey A. Rosen","Kirkland & Ellis",1982,2003,"Attorney","Northwestern University",NA,"Harvard Law School",NA,1,25,NA,NA
"110",NA,NA,"Jeffrey A. Rosen","Kirkland & Ellis",1982,2003,"Attorney","Northwestern University",NA,"Harvard Law School",NA,NA,NA,NA,NA
"111",NA,NA,"Jeffrey A. Rosen","Kirkland & Ellis",NA,NA,"Partner","Northwestern University",NA,"Harvard Law School",NA,1,25,NA,NA
"112",NA,NA,"Jeffrey A. Rosen","Kirkland & Ellis",NA,NA,"Partner","Northwestern University",NA,"Harvard Law School",NA,NA,NA,NA,NA
"113",NA,NA,"Jeffrey A. Rosen","The White House",2006,2009,"General Counsel","Northwestern University",NA,"Harvard Law School",NA,1,25,NA,NA
"114",NA,NA,"Jeffrey A. Rosen","The White House",2006,2009,"General Counsel","Northwestern University",NA,"Harvard Law School",NA,NA,NA,NA,NA
"115",NA,NA,"Jeffrey A. Rosen","United States Department of Transportation",NA,2019,"Deputy Secretary","Northwestern University",NA,"Harvard Law School",NA,1,25,NA,NA
"116",NA,NA,"Jeffrey A. Rosen","United States Department of Transportation",NA,2019,"Deputy Secretary","Northwestern University",NA,"Harvard Law School",NA,NA,NA,NA,NA
"117",NA,NA,"Jeffrey A. Rosen","United States Department of Transportation",2003,2006,"General Counsel","Northwestern University",NA,"Harvard Law School",NA,1,25,NA,NA
"118",NA,NA,"Jeffrey A. Rosen","United States Department of Transportation",2003,2006,"General Counsel","Northwestern University",NA,"Harvard Law School",NA,NA,NA,NA,NA
"119","Justice","Assistant Attorney General for the Environment and Natural Resources Division","Jeffrey Bossert Clark","Federalist Society",NA,NA,"Chair of Environment and Property Rights Practice Group","Harvard University","University of Delaware","Georgetown University Law Center",NA,15,38,1,1
"120","Justice","Assistant Attorney General for the Environment and Natural Resources Division","Jeffrey Bossert Clark","Kirkland & Ellis",NA,NA,"I am a law firm partner at Kirkland & Ellis LLP.","Harvard University","University of Delaware","Georgetown University Law Center",NA,15,38,1,1
"121","Justice","Assistant Attorney General for the Environment and Natural Resources Division","Jeffrey Bossert Clark","Kirkland & Ellis",NA,NA,"legal services","Harvard University","University of Delaware","Georgetown University Law Center",NA,15,38,1,1
"122","Justice","Assistant Attorney General for the Environment and Natural Resources Division","Jeffrey Bossert Clark","Kirkland & Ellis",NA,NA,"Partner","Harvard University","University of Delaware","Georgetown University Law Center",NA,15,38,1,1
"123","Justice","Assistant Attorney General for the National Security Division","John C. Demers","Boeing Company",2018,NA,"Vice President & Asst General Counsel",NA,NA,NA,NA,NA,NA,NA,NA
"124","Justice","Assistant Attorney General for the National Security Division","John C. Demers","Boeing Company",NA,NA,"Vice President and Assistant General Counsel",NA,NA,NA,NA,NA,NA,NA,NA
"125","Justice","Assistant Attorney General for the National Security Division","John C. Demers","F. & G. Family Irrevocable Trust",2018,NA,"Trustee",NA,NA,NA,NA,NA,NA,NA,NA
"126","Justice","Assistant Attorney General for the National Security Division","John C. Demers","F. & G. Family Irrevocable Trust",NA,NA,"Trustee",NA,NA,NA,NA,NA,NA,NA,NA
"127","Justice","Assistant Attorney General for the National Security Division","John C. Demers","Family Revocable Trust 1",2018,NA,"Trustee",NA,NA,NA,NA,NA,NA,NA,NA
"128","Justice","Assistant Attorney General for the National Security Division","John C. Demers","Family Revocable Trust 1",NA,NA,"Trustee",NA,NA,NA,NA,NA,NA,NA,NA
"129","Justice","Assistant Attorney General for the National Security Division","John C. Demers","Georgetown University Law Center",2018,NA,"Adjunct Professor",NA,NA,NA,NA,NA,NA,NA,NA
"130","Justice","Assistant Attorney General for the National Security Division","John C. Demers","Georgetown University Law Center",NA,NA,"Adjunt Professor",NA,NA,NA,NA,NA,NA,NA,NA
"131","Justice","Assistant Attorney General for the National Security Division","John C. Demers","Paulding LLC",2018,NA,"Agent",NA,NA,NA,NA,NA,NA,NA,NA
"132","Justice","Assistant Attorney General for the National Security Division","John C. Demers","Paulding LLC",NA,NA,"Agent",NA,NA,NA,NA,NA,NA,NA,NA
"133","Justice","Assistant Attorney General for the Civil Division","Joseph H. Hunt","White & Case",NA,NA,"Attorney",NA,NA,NA,NA,NA,NA,NA,NA
"134","Justice","Assistant Attorney General for the Civil Division","Joseph H. Hunt","King & Spaulding",NA,1999,"Partner",NA,NA,NA,NA,NA,NA,NA,NA
"135","Justice","Assistant Attorney General for the Civil Division","Joseph H. Hunt","Department of Justice",1999,2001,"Trial attorney",NA,NA,NA,NA,NA,NA,NA,NA
"136","Justice","Assistant Attorney General for the Civil Division","Joseph H. Hunt","Office of the United States Deputy Attorney General",2001,2002,NA,NA,NA,NA,NA,NA,NA,NA,NA
"137","Justice","Assistant Attorney General for the Civil Division","Joseph H. Hunt","Office of the United States Deputy Attorney General",2002,NA,"Director Federal Programs Branch",NA,NA,NA,NA,NA,NA,NA,NA
"138","Justice","Assistant Attorney General for the Civil Division","Joseph H. Hunt","Office of the United States Attorney General",2017,2017,"Chief of Staff",NA,NA,NA,NA,NA,NA,NA,NA
"139","Justice","Assistant Attorney General for the Civil Division","Joseph H. Hunt","Office of Legal Policy",2017,2018,"Senior Advisor",NA,NA,NA,NA,NA,NA,NA,NA
"140","Justice","Assistant Attorney General for the Antitrust Division","Makan Delrahim","Anthem, Inc.",2017,NA,"Legal Services","University of California Los Angeles","John Hopkins University","George Washington University School of Law",NA,21,112,1,NA
"141","Justice","Assistant Attorney General for the Antitrust Division","Makan Delrahim","Ardent Health Services",2017,NA,"Legal Services","University of California Los Angeles","John Hopkins University","George Washington University School of Law",NA,21,112,1,NA
"142","Justice","Assistant Attorney General for the Antitrust Division","Makan Delrahim","Ares Management LP",2017,NA,"Legal Services","University of California Los Angeles","John Hopkins University","George Washington University School of Law",NA,21,112,1,NA
"143","Justice","Assistant Attorney General for the Antitrust Division","Makan Delrahim","Baxter Healthcare",2017,NA,"Legal Services","University of California Los Angeles","John Hopkins University","George Washington University School of Law",NA,21,112,1,NA
"144","Justice","Assistant Attorney General for the Antitrust Division","Makan Delrahim","Brentwood School",2017,NA,"Legal Services","University of California Los Angeles","John Hopkins University","George Washington University School of Law",NA,21,112,1,NA
"145","Justice","Assistant Attorney General for the Antitrust Division","Makan Delrahim","Brownstein Hyatt Farber Schreck LLP",2017,NA,"Partner in Law Firm","University of California Los Angeles","John Hopkins University","George Washington University School of Law",NA,21,112,1,NA
"146","Justice","Assistant Attorney General for the Antitrust Division","Makan Delrahim","Brownstein Hyatt Farber Schreck LLP",2017,NA,"Partner/Shareh older","University of California Los Angeles","John Hopkins University","George Washington University School of Law",NA,21,112,1,NA
"147","Justice","Assistant Attorney General for the Antitrust Division","Makan Delrahim","Brownstein Hyatt Farber Schreck LLP",2005,NA,"Shareholder","University of California Los Angeles","John Hopkins University","George Washington University School of Law",NA,21,112,1,NA
"148","Justice","Assistant Attorney General for the Antitrust Division","Makan Delrahim","Caesars Interactive Entertainment, Inc.",2017,NA,"Legal Services","University of California Los Angeles","John Hopkins University","George Washington University School of Law",NA,21,112,1,NA
"149","Justice","Assistant Attorney General for the Antitrust Division","Makan Delrahim","Complete Control Management",2017,NA,"Legal Services","University of California Los Angeles","John Hopkins University","George Washington University School of Law",NA,21,112,1,NA
"150","Justice","Assistant Attorney General for the Antitrust Division","Makan Delrahim","Flexjet, LLC",2017,NA,"Legal Services","University of California Los Angeles","John Hopkins University","George Washington University School of Law",NA,21,112,1,NA
"151","Justice","Assistant Attorney General for the Antitrust Division","Makan Delrahim","Jacob Khobian",2017,NA,"Legal Services","University of California Los Angeles","John Hopkins University","George Washington University School of Law",NA,21,112,1,NA
"152","Justice","Assistant Attorney General for the Antitrust Division","Makan Delrahim","Medical Device Manufacturers Association",2017,NA,"Legal Services","University of California Los Angeles","John Hopkins University","George Washington University School of Law",NA,21,112,1,NA
"153","Justice","Assistant Attorney General for the Antitrust Division","Makan Delrahim","Mentor Network",2017,NA,"Legal Services","University of California Los Angeles","John Hopkins University","George Washington University School of Law",NA,21,112,1,NA
"154","Justice","Assistant Attorney General for the Antitrust Division","Makan Delrahim","Papersource Manufacturing & Converting",2017,NA,"Legal Services","University of California Los Angeles","John Hopkins University","George Washington University School of Law",NA,21,112,1,NA
"155","Justice","Assistant Attorney General for the Antitrust Division","Makan Delrahim","Patton Boggs LLP",1995,1998,"Associate","University of California Los Angeles","John Hopkins University","George Washington University School of Law",NA,21,112,1,NA
"156","Justice","Assistant Attorney General for the Antitrust Division","Makan Delrahim","Pepperdine University School of Law",2017,NA,"Adjunct Professsor of Law","University of California Los Angeles","John Hopkins University","George Washington University School of Law",NA,21,112,1,NA
"157","Justice","Assistant Attorney General for the Antitrust Division","Makan Delrahim","Pepperdine University School of Law",2011,NA,"Adjunct Professor","University of California Los Angeles","John Hopkins University","George Washington University School of Law",NA,21,112,1,NA
"158","Justice","Assistant Attorney General for the Antitrust Division","Makan Delrahim","Preconcile, LLC",2017,NA,"Co-Founder","University of California Los Angeles","John Hopkins University","George Washington University School of Law",NA,21,112,1,NA
"159","Justice","Assistant Attorney General for the Antitrust Division","Makan Delrahim","Qualcomm Inc.",2017,NA,"Legal Services","University of California Los Angeles","John Hopkins University","George Washington University School of Law",NA,21,112,1,NA
"160","Justice","Assistant Attorney General for the Antitrust Division","Makan Delrahim","Trump for America, Inc.",2017,NA,"Attorney","University of California Los Angeles","John Hopkins University","George Washington University School of Law",NA,21,112,1,NA
"161","Justice","Assistant Attorney General for the Antitrust Division","Makan Delrahim","Ultimate Fighting Championship",2017,NA,"Legal Services","University of California Los Angeles","John Hopkins University","George Washington University School of Law",NA,21,112,1,NA
"162","Justice","Assistant Attorney General for the Antitrust Division","Makan Delrahim","United States Department of Justice",2003,2005,"Deputy Assistant Attorney General","University of California Los Angeles","John Hopkins University","George Washington University School of Law",NA,21,112,1,NA
"163","Justice","Assistant Attorney General for the Antitrust Division","Makan Delrahim","United States Senate",2000,2003,"Chief of Staff","University of California Los Angeles","John Hopkins University","George Washington University School of Law",NA,21,112,1,NA
"164","Justice","Assistant Attorney General for the Antitrust Division","Makan Delrahim","World Poker Tour Foundation, Inc.",2017,NA,"Board Member","University of California Los Angeles","John Hopkins University","George Washington University School of Law",NA,21,112,1,NA
"165","Justice","Principal Deputy Solicitor General","Noel Francisco","Boeing Company",2017,NA,"legal services","University of Chicago",NA,"University of Chicago Law School",NA,4,108,1,1
"166","Justice","Principal Deputy Solicitor General","Noel Francisco","Christian Educators Association",2017,NA,"legal services","University of Chicago",NA,"University of Chicago Law School",NA,4,108,1,1
"167","Justice","Principal Deputy Solicitor General","Noel Francisco","Community Financial Services Association of America",2017,NA,"legal services","University of Chicago",NA,"University of Chicago Law School",NA,4,108,1,1
"168","Justice","Principal Deputy Solicitor General","Noel Francisco","Cooper, Carvin & Rosenthal PLLC",1998,2001,"Associate","University of Chicago",NA,"University of Chicago Law School",NA,4,108,1,1
"169","Justice","Principal Deputy Solicitor General","Noel Francisco","Expedia",2017,NA,"legal services","University of Chicago",NA,"University of Chicago Law School",NA,4,108,1,1
"170","Justice","Principal Deputy Solicitor General","Noel Francisco","HCA, Inc",2017,NA,"legal services","University of Chicago",NA,"University of Chicago Law School",NA,4,108,1,1
"171","Justice","Principal Deputy Solicitor General","Noel Francisco","Herbert Vederman",2017,NA,"legal services","University of Chicago",NA,"University of Chicago Law School",NA,4,108,1,1
"172","Justice","Principal Deputy Solicitor General","Noel Francisco","Historical Society of the District of Columbia",2017,NA,"Member of the Board of Directors","University of Chicago",NA,"University of Chicago Law School",NA,4,108,1,1
"173","Justice","Principal Deputy Solicitor General","Noel Francisco","International Business Machines Corporation",2017,NA,"legal services","University of Chicago",NA,"University of Chicago Law School",NA,4,108,1,1
"174","Justice","Principal Deputy Solicitor General","Noel Francisco","Jones Day LLP",2017,NA,"legal services to firm clients, management of Government Regulations Group","University of Chicago",NA,"University of Chicago Law School",NA,4,108,1,1
"175","Justice","Principal Deputy Solicitor General","Noel Francisco","Jones Day LLP",2017,NA,"Partner","University of Chicago",NA,"University of Chicago Law School",NA,4,108,1,1
"176","Justice","Principal Deputy Solicitor General","Noel Francisco","Jones Day LLP",2008,2017,"Partner","University of Chicago",NA,"University of Chicago Law School",NA,4,108,1,1
"177","Justice","Principal Deputy Solicitor General","Noel Francisco","Jones Day LLP",2005,2008,"Of Counsel","University of Chicago",NA,"University of Chicago Law School",NA,4,108,1,1
"178","Justice","Principal Deputy Solicitor General","Noel Francisco","Loma Linda University Adventist Health Sciences",2017,NA,"legal services","University of Chicago",NA,"University of Chicago Law School",NA,4,108,1,1
"179","Justice","Principal Deputy Solicitor General","Noel Francisco","R.J. Reynolds Tobacco Company",2017,NA,"legal services","University of Chicago",NA,"University of Chicago Law School",NA,4,108,1,1
"180","Justice","Principal Deputy Solicitor General","Noel Francisco","Reynolds American, Inc.",2017,NA,"legal services","University of Chicago",NA,"University of Chicago Law School",NA,4,108,1,1
"181","Justice","Principal Deputy Solicitor General","Noel Francisco","Robert F. McDonnell",2017,NA,"legal services","University of Chicago",NA,"University of Chicago Law School",NA,4,108,1,1
"182","Justice","Principal Deputy Solicitor General","Noel Francisco","The Internet Corporation for Assigned Names and Numbers",2017,NA,"legal services","University of Chicago",NA,"University of Chicago Law School",NA,4,108,1,1
"183","Justice","Principal Deputy Solicitor General","Noel Francisco","The Museum of the Bible",2017,NA,"legal services","University of Chicago",NA,"University of Chicago Law School",NA,4,108,1,1
"184","Justice","Principal Deputy Solicitor General","Noel Francisco","The White House",2001,2003,"Associate Counsel to the President","University of Chicago",NA,"University of Chicago Law School",NA,4,108,1,1
"185","Justice","Principal Deputy Solicitor General","Noel Francisco","The White House",2001,2001,"Assistant Counsel to the President","University of Chicago",NA,"University of Chicago Law School",NA,4,108,1,1
"186","Justice","Principal Deputy Solicitor General","Noel Francisco","United States Court of Appeal for the Fourth Circuit",1996,1997,"Law Clerk","University of Chicago",NA,"University of Chicago Law School",NA,4,108,1,1
"187","Justice","Principal Deputy Solicitor General","Noel Francisco","United States Department of Justice",2017,NA,"Senior Advisor","University of Chicago",NA,"University of Chicago Law School",NA,4,108,1,1
"188","Justice","Principal Deputy Solicitor General","Noel Francisco","United States Department of Justice",2017,2017,"Acting / Principal Deputy Solicitor General","University of Chicago",NA,"University of Chicago Law School",NA,4,108,1,1
"189","Justice","Principal Deputy Solicitor General","Noel Francisco","United States Department of Justice",2003,2005,"Deputy Assistant Attorney General","University of Chicago",NA,"University of Chicago Law School",NA,4,108,1,1
"190","Justice","Principal Deputy Solicitor General","Noel Francisco","United States Supreme Court",1997,1998,"Law Clerk","University of Chicago",NA,"University of Chicago Law School",NA,4,108,1,1
"191","Justice","Principal Deputy Solicitor General","Noel Francisco","UnityPoint Health",2017,NA,"legal services","University of Chicago",NA,"University of Chicago Law School",NA,4,108,1,1
"192","Justice","Principal Deputy Solicitor General","Noel Francisco","University of North Carolina",2017,NA,"legal services","University of Chicago",NA,"University of Chicago Law School",NA,4,108,1,1
"193","Justice","Associate Attorney General","Rachel L. Brand","Brand Consulting, LLC",2017,2018,"Owner","University of Minnesota - Morris",NA,"Harvard Law School",NA,1,25,1,NA
"194","Justice","Associate Attorney General","Rachel L. Brand","Brand Consulting, LLC",2017,2018,"Owner","University of Minnesota - Morris",NA,"Harvard Law School",NA,NA,NA,1,NA
"195","Justice","Associate Attorney General","Rachel L. Brand","Doorways for Women and Families",2017,2018,"Member, Board of Directors","University of Minnesota - Morris",NA,"Harvard Law School",NA,1,25,1,NA
"196","Justice","Associate Attorney General","Rachel L. Brand","Doorways for Women and Families",2017,2018,"Member, Board of Directors","University of Minnesota - Morris",NA,"Harvard Law School",NA,NA,NA,1,NA
"197","Justice","Associate Attorney General","Rachel L. Brand","George Mason University",2017,2018,"Previously consultant; now Professor","University of Minnesota - Morris",NA,"Harvard Law School",NA,1,25,1,NA
"198","Justice","Associate Attorney General","Rachel L. Brand","George Mason University",2017,2018,"Previously consultant; now Professor","University of Minnesota - Morris",NA,"Harvard Law School",NA,NA,NA,1,NA
"199","Justice","Associate Attorney General","Rachel L. Brand","George Mason University",2017,2018,"Consultant","University of Minnesota - Morris",NA,"Harvard Law School",NA,1,25,1,NA
"200","Justice","Associate Attorney General","Rachel L. Brand","George Mason University",2017,2018,"Consultant","University of Minnesota - Morris",NA,"Harvard Law School",NA,NA,NA,1,NA
"201","Justice","Associate Attorney General","Rachel L. Brand","George Mason University",2017,2018,"Associate Professor of Law","University of Minnesota - Morris",NA,"Harvard Law School",NA,1,25,1,NA
"202","Justice","Associate Attorney General","Rachel L. Brand","George Mason University",2017,2018,"Associate Professor of Law","University of Minnesota - Morris",NA,"Harvard Law School",NA,NA,NA,1,NA
"203","Justice","Associate Attorney General","Rachel L. Brand","Little Falls Presbyterian Foundation",2017,2018,"Member, Board of Directors","University of Minnesota - Morris",NA,"Harvard Law School",NA,1,25,1,NA
"204","Justice","Associate Attorney General","Rachel L. Brand","Little Falls Presbyterian Foundation",2017,2018,"Member, Board of Directors","University of Minnesota - Morris",NA,"Harvard Law School",NA,NA,NA,1,NA
"205","Justice","Associate Attorney General","Rachel L. Brand","U.S. Chamber Litigation Center",2017,2018,"Consulting services related to policy advice or fundraising","University of Minnesota - Morris",NA,"Harvard Law School",NA,1,25,1,NA
"206","Justice","Associate Attorney General","Rachel L. Brand","U.S. Chamber Litigation Center",2017,2018,"Consulting services related to policy advice or fundraising","University of Minnesota - Morris",NA,"Harvard Law School",NA,NA,NA,1,NA
"207","Justice","Associate Attorney General","Rachel L. Brand","U.S. Chamber Litigation Center",2017,2018,"Senior Advisor","University of Minnesota - Morris",NA,"Harvard Law School",NA,1,25,1,NA
"208","Justice","Associate Attorney General","Rachel L. Brand","U.S. Chamber Litigation Center",2017,2018,"Senior Advisor","University of Minnesota - Morris",NA,"Harvard Law School",NA,NA,NA,1,NA
"209","Justice","Deputy Attorney General","Rod J. Rosenstein","King & Spalding LLP",2020,NA,"Partner","University of Pennsylvania",NA,"Harvard Law School",NA,1,25,1,1
"210","Justice","Deputy Attorney General","Rod J. Rosenstein","King & Spalding LLP",2020,NA,"Partner","University of Pennsylvania",NA,"Harvard Law School",NA,NA,NA,1,1
"211","Justice","Deputy Attorney General","Rod J. Rosenstein","United States Department of Justice",2017,2019,"Deputy Attorney General","University of Pennsylvania",NA,"Harvard Law School",NA,1,25,1,1
"212","Justice","Deputy Attorney General","Rod J. Rosenstein","United States Department of Justice",2017,2019,"Deputy Attorney General","University of Pennsylvania",NA,"Harvard Law School",NA,NA,NA,1,1
"213","Justice","Deputy Attorney General","Rod J. Rosenstein","United States Attorney's Office for the District of Maryland",2005,2017,"Attorney","University of Pennsylvania",NA,"Harvard Law School",NA,1,25,1,1
"214","Justice","Deputy Attorney General","Rod J. Rosenstein","United States Attorney's Office for the District of Maryland",2005,2017,"Attorney","University of Pennsylvania",NA,"Harvard Law School",NA,NA,NA,1,1
"215","Justice","Deputy Attorney General","Rod J. Rosenstein","United States Department of Justice",2001,2005,"Principal Deputy Assistant Attorney General","University of Pennsylvania",NA,"Harvard Law School",NA,1,25,1,1
"216","Justice","Deputy Attorney General","Rod J. Rosenstein","United States Department of Justice",2001,2005,"Principal Deputy Assistant Attorney General","University of Pennsylvania",NA,"Harvard Law School",NA,NA,NA,1,1
"217","Justice","Deputy Attorney General","Rod J. Rosenstein","United States Attorney's Office for the District of Maryland",1997,2001,"Assistant US Attorney","University of Pennsylvania",NA,"Harvard Law School",NA,1,25,1,1
"218","Justice","Deputy Attorney General","Rod J. Rosenstein","United States Attorney's Office for the District of Maryland",1997,2001,"Assistant US Attorney","University of Pennsylvania",NA,"Harvard Law School",NA,NA,NA,1,1
"219","Justice","Deputy Attorney General","Rod J. Rosenstein","United States Department of Justice",1994,1995,"Special Assistant","University of Pennsylvania",NA,"Harvard Law School",NA,1,25,1,1
"220","Justice","Deputy Attorney General","Rod J. Rosenstein","United States Department of Justice",1994,1995,"Special Assistant","University of Pennsylvania",NA,"Harvard Law School",NA,NA,NA,1,1
"221","Justice","Deputy Attorney General","Rod J. Rosenstein","United States Department of Justice",1993,1994,"Counsel","University of Pennsylvania",NA,"Harvard Law School",NA,1,25,1,1
"222","Justice","Deputy Attorney General","Rod J. Rosenstein","United States Department of Justice",1993,1994,"Counsel","University of Pennsylvania",NA,"Harvard Law School",NA,NA,NA,1,1
"223","Justice","Deputy Attorney General","Rod J. Rosenstein","United States Department of Justice",1990,1993,"Honors Attorney","University of Pennsylvania",NA,"Harvard Law School",NA,1,25,1,1
"224","Justice","Deputy Attorney General","Rod J. Rosenstein","United States Department of Justice",1990,1993,"Honors Attorney","University of Pennsylvania",NA,"Harvard Law School",NA,NA,NA,1,1
"225","Justice","Deputy Attorney General","Rod J. Rosenstein","University of Baltimore School of Law",NA,NA,"Adjunct Professor","University of Pennsylvania",NA,"Harvard Law School",NA,1,25,1,1
"226","Justice","Deputy Attorney General","Rod J. Rosenstein","University of Baltimore School of Law",NA,NA,"Adjunct Professor","University of Pennsylvania",NA,"Harvard Law School",NA,NA,NA,1,1
"227","Justice","Deputy Attorney General","Rod J. Rosenstein","United States Court of Appeals for the District of Columbia Circuit",NA,NA,"Law Clerk","University of Pennsylvania",NA,"Harvard Law School",NA,1,25,1,1
"228","Justice","Deputy Attorney General","Rod J. Rosenstein","United States Court of Appeals for the District of Columbia Circuit",NA,NA,"Law Clerk","University of Pennsylvania",NA,"Harvard Law School",NA,NA,NA,1,1
"229",NA,NA,"Stephen Boyd","United States Department of Justice",NA,NA,"Chief of Staff","University of Alabama",NA,"University of Alabama School of Law",NA,24,172,1,NA
"230",NA,NA,"Stephen Boyd","United States Senate",NA,NA,"Chief of Staff","University of Alabama",NA,"University of Alabama School of Law",NA,24,172,1,NA
"231","Justice","Assistant Attorney General for the Office of the Legal Counsel","Steven A. Engel","Abby Modell",2017,NA,"Legal Services","Harvard University","University of Cambridge","Yale Law School",NA,1,33,1,NA
"232","Justice","Assistant Attorney General for the Office of the Legal Counsel","Steven A. Engel","AFGS LLC",2017,NA,"Legal Services","Harvard University","University of Cambridge","Yale Law School",NA,1,33,1,NA
"233","Justice","Assistant Attorney General for the Office of the Legal Counsel","Steven A. Engel","Afilias USA, Inc.",2017,NA,"Legal Services","Harvard University","University of Cambridge","Yale Law School",NA,1,33,1,NA
"234","Justice","Assistant Attorney General for the Office of the Legal Counsel","Steven A. Engel","Cammeby's International",2017,NA,"Legal Services","Harvard University","University of Cambridge","Yale Law School",NA,1,33,1,NA
"235","Justice","Assistant Attorney General for the Office of the Legal Counsel","Steven A. Engel","Dechert LLP",2017,NA,"Legal Services","Harvard University","University of Cambridge","Yale Law School",NA,1,33,1,NA
"236","Justice","Assistant Attorney General for the Office of the Legal Counsel","Steven A. Engel","Dechert LLP",2017,NA,"Partner","Harvard University","University of Cambridge","Yale Law School",NA,1,33,1,NA
"237","Justice","Assistant Attorney General for the Office of the Legal Counsel","Steven A. Engel","Elliott Associates",2017,NA,"Legal Services","Harvard University","University of Cambridge","Yale Law School",NA,1,33,1,NA
"238","Justice","Assistant Attorney General for the Office of the Legal Counsel","Steven A. Engel","Family Trust 2",2017,NA,"Co-trustee","Harvard University","University of Cambridge","Yale Law School",NA,1,33,1,NA
"239","Justice","Assistant Attorney General for the Office of the Legal Counsel","Steven A. Engel","General Electric Company",2017,NA,"Legal Services","Harvard University","University of Cambridge","Yale Law School",NA,1,33,1,NA
"240","Justice","Assistant Attorney General for the Office of the Legal Counsel","Steven A. Engel","Harborview Capital Partners LLC",2017,NA,"Legal Services","Harvard University","University of Cambridge","Yale Law School",NA,1,33,1,NA
"241","Justice","Assistant Attorney General for the Office of the Legal Counsel","Steven A. Engel","Huntington Acquisition 1 LLC",2017,NA,"Legal Services","Harvard University","University of Cambridge","Yale Law School",NA,1,33,1,NA
"242","Justice","Assistant Attorney General for the Office of the Legal Counsel","Steven A. Engel","J. Jay Lobell",2017,NA,"Legal Services","Harvard University","University of Cambridge","Yale Law School",NA,1,33,1,NA
"243","Justice","Assistant Attorney General for the Office of the Legal Counsel","Steven A. Engel","Lindsay Rosenwald",2017,NA,"Legal Services","Harvard University","University of Cambridge","Yale Law School",NA,1,33,1,NA
"244","Justice","Assistant Attorney General for the Office of the Legal Counsel","Steven A. Engel","Meridian Capital Group",2017,NA,"Legal Services","Harvard University","University of Cambridge","Yale Law School",NA,1,33,1,NA
"245","Justice","Assistant Attorney General for the Office of the Legal Counsel","Steven A. Engel","Mustang Therapeutics",2017,NA,"Legal Services","Harvard University","University of Cambridge","Yale Law School",NA,1,33,1,NA
"246","Justice","Assistant Attorney General for the Office of the Legal Counsel","Steven A. Engel","NDG Financial",2017,NA,"Legal Services","Harvard University","University of Cambridge","Yale Law School",NA,1,33,1,NA
"247","Justice","Assistant Attorney General for the Office of the Legal Counsel","Steven A. Engel","New York City Patrolmen's Benevolent Association",2017,NA,"Legal Services","Harvard University","University of Cambridge","Yale Law School",NA,1,33,1,NA
"248","Justice","Assistant Attorney General for the Office of the Legal Counsel","Steven A. Engel","Nord Capital Advisors",2017,NA,"Legal Services","Harvard University","University of Cambridge","Yale Law School",NA,1,33,1,NA
"249","Justice","Assistant Attorney General for the Office of the Legal Counsel","Steven A. Engel","QVT Financial",2017,NA,"Legal Services","Harvard University","University of Cambridge","Yale Law School",NA,1,33,1,NA
"250","Justice","Assistant Attorney General for the Office of the Legal Counsel","Steven A. Engel","S.E. 2012 Family Trust 1",2017,NA,"Co-Trustee","Harvard University","University of Cambridge","Yale Law School",NA,1,33,1,NA
"251","Justice","Assistant Attorney General for the Office of the Legal Counsel","Steven A. Engel","State Policy Network",2017,NA,"Legal Services","Harvard University","University of Cambridge","Yale Law School",NA,1,33,1,NA
"252","Justice","Assistant Attorney General for the Office of the Legal Counsel","Steven A. Engel","Sullivan Farms II, Inc.",2017,NA,"Legal Services","Harvard University","University of Cambridge","Yale Law School",NA,1,33,1,NA
"253","Justice","Assistant Attorney General for the Office of the Legal Counsel","Steven A. Engel","Takata Corporation",2017,NA,"Legal Services","Harvard University","University of Cambridge","Yale Law School",NA,1,33,1,NA
"254","Justice","Assistant Attorney General for the Office of the Legal Counsel","Steven A. Engel","Thru, Inc.",2017,NA,"Legal Services","Harvard University","University of Cambridge","Yale Law School",NA,1,33,1,NA
"255","Justice","Assistant Attorney General for the Office of the Legal Counsel","Steven A. Engel","Zohar Cohen",2017,NA,"Legal Services","Harvard University","University of Cambridge","Yale Law School",NA,1,33,1,NA
"256","Justice","Attorney General","William P. Barr","Aggregate Industries Mgmt Inc",2018,2013,"Board Member",NA,NA,NA,NA,NA,NA,NA,NA
"257","Justice","Attorney General","William P. Barr","Dominion Energy Inc",2009,2019,"Board Member",NA,NA,NA,NA,NA,NA,NA,NA
"258","Justice","Attorney General","William P. Barr","Dominion Resources Inc",2009,2017,"Board Member",NA,NA,NA,NA,NA,NA,NA,NA
"259","Justice","Attorney General","William P. Barr","Gte Corp",1997,2000,"Exec VP / General Counsel",NA,NA,NA,NA,NA,NA,NA,NA
"260","Justice","Attorney General","William P. Barr","Gte Corp",1994,1997,"Senior VP / General Counsel",NA,NA,NA,NA,NA,NA,NA,NA
"261","Justice","Attorney General","William P. Barr","Holcim US Inc",2008,2013,"Board Member",NA,NA,NA,NA,NA,NA,NA,NA
"262","Justice","Attorney General","William P. Barr","Kirkland & Ellis",2017,2019,"Of Counsel",NA,NA,NA,NA,NA,NA,NA,NA
"263","Justice","Attorney General","William P. Barr","Kirkland & Ellis",2009,2009,"Of Counsel",NA,NA,NA,NA,NA,NA,NA,NA
"264","Justice","Attorney General","William P. Barr","Och-Ziff Capital Management Group LLC",2016,2018,"Board Member",NA,NA,NA,NA,NA,NA,NA,NA
"265","Justice","Attorney General","William P. Barr","Shaw Pittman LLP",1993,1994,"Partner",NA,NA,NA,NA,NA,NA,NA,NA
"266","Justice","Attorney General","William P. Barr","Shaw Pittman LLP",1984,1989,"Partner",NA,NA,NA,NA,NA,NA,NA,NA
"267","Justice","Attorney General","William P. Barr","Shaw Pittman LLP",1978,1982,"Associate",NA,NA,NA,NA,NA,NA,NA,NA
"268","Justice","Attorney General","William P. Barr","The White House",1982,1983,"Staff",NA,NA,NA,NA,NA,NA,NA,NA
"269","Justice","Attorney General","William P. Barr","Time Warner Inc",2009,2018,"Board Member",NA,NA,NA,NA,NA,NA,NA,NA
"270","Justice","Attorney General","William P. Barr","United States Department of Justice",1991,1993,"Attorney General",NA,NA,NA,NA,NA,NA,NA,NA
"271","Justice","Attorney General","William P. Barr","United States Department of Justice",1989,1991,"Deputy Attorney General",NA,NA,NA,NA,NA,NA,NA,NA
"272","Justice","Attorney General","William P. Barr","United States of America",1973,1977,"Assistant Legal Counsel",NA,NA,NA,NA,NA,NA,NA,NA
"273","Justice","Attorney General","William P. Barr","Verizon Communications",2000,2008,"Exec VP / General Counsel",NA,NA,NA,NA,NA,NA,NA,NA
