"","person","employer","start_date","end_date","district","political_affiliation","federalist_society_tie","heritage_foundation_tie","national_rifle_association_tie","american_center_for_law_and_justice_tie","republican_national_lawyers_association_tie","christian_legal_society_bar_association_tie"
"1","Louis V. Franklin Sr.","United States Attorney's Office for the Middle District of Alabama",2001,2017,NA,NA,NA,NA,NA,NA,NA,NA
"2","Louis V. Franklin Sr.","United States Attorney's Office for the Middle District of Alabama",1998,2001,NA,NA,NA,NA,NA,NA,NA,NA
"3","Louis V. Franklin Sr.","Sirote and Permutt",1996,1998,NA,NA,NA,NA,NA,NA,NA,NA
"4","Louis V. Franklin Sr.","United States Attorney's Office for the Middle District of Alabama",1990,1996,NA,NA,NA,NA,NA,NA,NA,NA
"5","Louis V. Franklin Sr.","Legal Services Corporation",1987,1990,NA,NA,NA,NA,NA,NA,NA,NA
"6","Jay Town","County of Madison AL",2005,2017,"U.S. Attorney for the N.D. of Alabama","Republican",NA,NA,NA,NA,NA,NA
"7","Jay Town","McElroy, Deutsch, Mulvaney & Carpenter",2002,2005,"U.S. Attorney for the N.D. of Alabama","Republican",NA,NA,NA,NA,NA,NA
"8","Jay Town","(US) Marine Corps",NA,NA,"U.S. Attorney for the N.D. of Alabama","Republican",NA,NA,NA,NA,NA,NA
"9","Richard W. Moore","Tenessee Valley Authority",2003,2017,"U.S. Attorney for the S.D. of Alabama","None",NA,NA,NA,NA,NA,NA
"10","Richard W. Moore","United States Attorney's Office for the Southern District of Alabama",1985,2003,"U.S. Attorney for the S.D. of Alabama","None",NA,NA,NA,NA,NA,NA
"11","Richard W. Moore","Private Practice",NA,1985,"U.S. Attorney for the S.D. of Alabama","None",NA,NA,NA,NA,NA,NA
"12","Bryan Schroder","United States Attorney's Office for the District of Alaska",NA,2017,"U.S. Attorney for the District of Alaska",NA,NA,NA,NA,NA,NA,NA
"13","Bryan Schroder","(US) Coast Guard",1991,2005,"U.S. Attorney for the District of Alaska",NA,NA,NA,NA,NA,NA,NA
"14","Bryan Schroder","United States Attorney's Office for the District of Alaska",2005,NA,"U.S. Attorney for the District of Alaska",NA,NA,NA,NA,NA,NA,NA
"15","Michael G. Bailey","Arizona Office of the Attorney General",2015,2019,"U.S. Attorney for the District of Arizona","Republican",NA,NA,NA,NA,NA,NA
"16","Michael G. Bailey","Private Practice",NA,NA,"U.S. Attorney for the District of Arizona","Republican",NA,NA,NA,NA,NA,NA
"17","Michael G. Bailey","County of Maricopa AZ",1998,2004,"U.S. Attorney for the District of Arizona","Republican",NA,NA,NA,NA,NA,NA
"18","J. Cody Hiland","20th Judicial District of Arkansas",2010,2017,"U.S. Attorney for the E.D. of Arkansas",NA,NA,NA,NA,NA,NA,NA
"19","J. Cody Hiland","Hiland, Thomas & Cox PLLC",NA,NA,"U.S. Attorney for the E.D. of Arkansas",NA,NA,NA,NA,NA,NA,NA
"20","J. Cody Hiland","Arkansas Public Service Commission",NA,NA,"U.S. Attorney for the E.D. of Arkansas",NA,NA,NA,NA,NA,NA,NA
"21","J. Cody Hiland","Arkansas Transitional Employment Board",NA,NA,"U.S. Attorney for the E.D. of Arkansas",NA,NA,NA,NA,NA,NA,NA
"22","J. Cody Hiland","State of Arkansas, Office of the Governor",NA,NA,"U.S. Attorney for the E.D. of Arkansas",NA,NA,NA,NA,NA,NA,NA
"23","Duane Kees","Wal-Mart Stores Inc",NA,2017,"U.S. Attorney for the W.D. of Arkansas","Republican",1,NA,1,1,NA,NA
"24","Duane Kees","US Army Judge Advocate General's Corp",2001,2008,"U.S. Attorney for the W.D. of Arkansas","Republican",1,NA,1,1,NA,NA
"25","Duane Kees","Bell Law Firm",2000,2001,"U.S. Attorney for the W.D. of Arkansas","Republican",1,NA,1,1,NA,NA
"26","Duane Kees","ASA Hutchinson Law Group PLC",NA,NA,"U.S. Attorney for the W.D. of Arkansas","Republican",1,NA,1,1,NA,NA
"27","Nicola T. Hanna","Gibson Dunn & Crutcher LLP",NA,2017,"U.S. Attorney for the C.D. of California","Republican",NA,NA,NA,NA,NA,NA
"28","Nicola T. Hanna","United States Attorney's Office for the Southern District of California",1995,1998,"U.S. Attorney for the C.D. of California","Republican",NA,NA,NA,NA,NA,NA
"29","Nicola T. Hanna","United States Attorney's Office for the Central District of California",1990,1994,"U.S. Attorney for the C.D. of California","Republican",NA,NA,NA,NA,NA,NA
"30","McGregor W. Scott","Orrick, Herrington & Sutcliffe LLP",2009,2017,"U.S. Attorney for the E.D. of California","Republcian",1,NA,NA,NA,NA,NA
"31","McGregor W. Scott","United States Attorney's Office for the Eastern District of California",2003,2009,"U.S. Attorney for the E.D. of California","Republcian",1,NA,NA,NA,NA,NA
"32","McGregor W. Scott","County of Shasta CA",1997,2003,"U.S. Attorney for the E.D. of California","Republcian",1,NA,NA,NA,NA,NA
"33","McGregor W. Scott","County of Contra Costa CA",1989,1997,"U.S. Attorney for the E.D. of California","Republcian",1,NA,NA,NA,NA,NA
"34","David L. Anderson","Sidley Austin LLP",2010,NA,"U.S. Attorney for the N.D. of California",NA,1,NA,NA,NA,NA,NA
"35","David L. Anderson","United States Attorney's Office for the Northern District of California",2008,2010,"U.S. Attorney for the N.D. of California",NA,1,NA,NA,NA,NA,NA
"36","David L. Anderson","Pillbury Winthrop Shaw Pittman LLP",2005,2008,"U.S. Attorney for the N.D. of California",NA,1,NA,NA,NA,NA,NA
"37","David L. Anderson","Pillsburg Winshop LLP",2005,2005,"U.S. Attorney for the N.D. of California",NA,1,NA,NA,NA,NA,NA
"38","David L. Anderson","United States Attorney's Office for the Northern District of California",1998,2002,"U.S. Attorney for the N.D. of California",NA,1,NA,NA,NA,NA,NA
"39","David L. Anderson","Iran - US Claims Tribunal",1992,1993,"U.S. Attorney for the N.D. of California",NA,1,NA,NA,NA,NA,NA
"40","David L. Anderson","United States Supreme Court",1991,1992,"U.S. Attorney for the N.D. of California",NA,1,NA,NA,NA,NA,NA
"41","David L. Anderson","United States Court of Appeals for the Ninth Circuit",1990,1991,"U.S. Attorney for the N.D. of California",NA,1,NA,NA,NA,NA,NA
"42","Robert S. Brewer Jr.","Seltzer Caplan McMahon Vitek ALC",NA,NA,"U.S. Attorney for the S.D. of California",NA,1,NA,NA,NA,NA,NA
"43","Robert S. Brewer Jr.","Jones Day LLP",2009,2014,"U.S. Attorney for the S.D. of California",NA,1,NA,NA,NA,NA,NA
"44","Robert S. Brewer Jr.","McKenna Long & Aldridge LLP",1991,2009,"U.S. Attorney for the S.D. of California",NA,1,NA,NA,NA,NA,NA
"45","Robert S. Brewer Jr.","Private Practice",1982,1991,"U.S. Attorney for the S.D. of California",NA,1,NA,NA,NA,NA,NA
"46","Robert S. Brewer Jr.","United States Attorney's Office for the Central District of California",1977,1982,"U.S. Attorney for the S.D. of California",NA,1,NA,NA,NA,NA,NA
"47","Robert S. Brewer Jr.","County of Los Angeles CA",1975,1977,"U.S. Attorney for the S.D. of California",NA,1,NA,NA,NA,NA,NA
"48","Jason R. Dunn","Brownstein Hyatt Farber Schreck LLP",NA,NA,"U.S. Attorney for the District of Colorado",NA,NA,NA,NA,NA,NA,NA
"49","Jason R. Dunn","Colorado Office of the Attorney General",NA,NA,"U.S. Attorney for the District of Colorado",NA,NA,NA,NA,NA,NA,NA
"50","Jason R. Dunn","Colorado Supreme Court",NA,NA,"U.S. Attorney for the District of Colorado",NA,NA,NA,NA,NA,NA,NA
"51","John Durham","United States Attorney's Office for the District of Connecticut",1998,2017,"U.S. Attorney for the District of Connecticut","None",NA,NA,NA,NA,NA,NA
"52","John Durham","United States Attorney's Office for the District of Connecticut",1997,1998,"U.S. Attorney for the District of Connecticut","None",NA,NA,NA,NA,NA,NA
"53","John Durham","United States Attorney's Office for the District of Connecticut",NA,1997,"U.S. Attorney for the District of Connecticut","None",NA,NA,NA,NA,NA,NA
"54","David C. Weiss","United States Attorney's Office for the District of Delaware",2011,2017,"U.S. Attorney for the District of Delaware","None",NA,NA,NA,NA,NA,NA
"55","David C. Weiss","United States Attorney's Office for the District of Delaware",2009,2011,"U.S. Attorney for the District of Delaware","None",NA,NA,NA,NA,NA,NA
"56","David C. Weiss","United States Attorney's Office for the District of Delaware",2007,2009,"U.S. Attorney for the District of Delaware","None",NA,NA,NA,NA,NA,NA
"57","David C. Weiss","Siegfried Group LLP",1999,2007,"U.S. Attorney for the District of Delaware","None",NA,NA,NA,NA,NA,NA
"58","David C. Weiss","Duane Morris LLP",1989,1999,"U.S. Attorney for the District of Delaware","None",NA,NA,NA,NA,NA,NA
"59","David C. Weiss","United States Attorney's Office for the District of Delaware",1986,1989,"U.S. Attorney for the District of Delaware","None",NA,NA,NA,NA,NA,NA
"60","David C. Weiss","Delaware Supreme Court",1984,1986,"U.S. Attorney for the District of Delaware","None",NA,NA,NA,NA,NA,NA
"61","Jessie K. Liu","United States Department of the Treasury",2017,2017,"U.S. Attorney for the District of Columbia",NA,1,1,NA,NA,NA,NA
"62","Jessie K. Liu","Jenner & Block LLP",2009,2016,"U.S. Attorney for the District of Columbia",NA,1,1,NA,NA,NA,NA
"63","Jessie K. Liu","United States Attorney's Office for the District of Columbia",2002,2006,"U.S. Attorney for the District of Columbia",NA,1,1,NA,NA,NA,NA
"64","Jessie K. Liu","Jenner & Block LLP",1999,2002,"U.S. Attorney for the District of Columbia",NA,1,1,NA,NA,NA,NA
"65","Jessie K. Liu","United States Court of Appeals for the Fifth Circuit",1998,1999,"U.S. Attorney for the District of Columbia",NA,1,1,NA,NA,NA,NA
"66","Jessie K. Liu","Morrison & Foerster LLP",2016,NA,"U.S. Attorney for the District of Columbia",NA,1,1,NA,NA,NA,NA
"67","Maria Chapa Lopez","United States Department of Justice",2016,2018,"U.S. Attorney for the M.D. of Florida","Republican",NA,NA,NA,NA,NA,NA
"68","Maria Chapa Lopez","United States Attorney's Office for the Middle District of Florida",2000,2016,"U.S. Attorney for the M.D. of Florida","Republican",NA,NA,NA,NA,NA,NA
"69","Maria Chapa Lopez","US Army Judge Advocate General's Corp",NA,2000,"U.S. Attorney for the M.D. of Florida","Republican",NA,NA,NA,NA,NA,NA
"70","Larry Keefe","Keefe, Anchors & Gordon PA",NA,NA,"U.S. Attorney for the N.D. of Florida","Democrat",NA,NA,NA,NA,NA,NA
"71","Ariana Fajardo Orshan","Eleventh Circuit Court of Florida",2012,2018,"U.S. Attorney for the S.D. of Florida",NA,1,NA,NA,NA,NA,NA
"72","Ariana Fajardo Orshan","Wilson Elser Moskowitz Edelman & Dicker LLP",NA,NA,"U.S. Attorney for the S.D. of Florida",NA,1,NA,NA,NA,NA,NA
"73","Ariana Fajardo Orshan","County of Miami-Dade FL",NA,NA,"U.S. Attorney for the S.D. of Florida",NA,1,NA,NA,NA,NA,NA
"74","Charles Peeler","Flynn, Peeler & Phillips LLP",NA,NA,"U.S. Attorney for the M.D. of Georgia",NA,NA,NA,NA,NA,NA,NA
"75","Charles Peeler","King & Spalding LLP",NA,2005,"U.S. Attorney for the M.D. of Georgia",NA,NA,NA,NA,NA,NA,NA
"76","B.J. Pak","Georgia House of Representatives",2010,2017,"U.S. Attorney for the N.D. of Georgia","Republican",NA,NA,NA,NA,NA,NA
"77","B.J. Pak","Private Practice",2008,2017,"U.S. Attorney for the N.D. of Georgia","Republican",NA,NA,NA,NA,NA,NA
"78","B.J. Pak","United States Attorney's Office for the Northern District of Georgia",2002,2008,"U.S. Attorney for the N.D. of Georgia","Republican",NA,NA,NA,NA,NA,NA
"79","B.J. Pak","United States District Court for the Central District of Illinois",1998,2000,"U.S. Attorney for the N.D. of Georgia","Republican",NA,NA,NA,NA,NA,NA
"80","Bobby Christine","County of Columbia SC",NA,NA,"U.S. Attorney for the S.D. of Georgia",NA,1,NA,NA,NA,NA,NA
"81","Bobby Christine","Christine and Evans LLC",NA,NA,"U.S. Attorney for the S.D. of Georgia",NA,1,NA,NA,NA,NA,NA
"82","Bobby Christine","City of Augusta GA",NA,NA,"U.S. Attorney for the S.D. of Georgia",NA,1,NA,NA,NA,NA,NA
"83","Bobby Christine","US Army Judge Advocate General's Corp",NA,NA,"U.S. Attorney for the S.D. of Georgia",NA,1,NA,NA,NA,NA,NA
"84","Kenji M. Price","Alston Hunt Floyd & Ing",NA,2018,"U.S. Attorney for the District of Hawaii","Republican",1,NA,NA,NA,NA,NA
"85","Kenji M. Price","Carlsmith Ball LLP",NA,NA,"U.S. Attorney for the District of Hawaii","Republican",1,NA,NA,NA,NA,NA
"86","Kenji M. Price","Carlsmith Ball LLP",NA,NA,"U.S. Attorney for the District of Hawaii","Republican",1,NA,NA,NA,NA,NA
"87","Bart Davis","Idaho State Senate",1998,2017,"U.S. Attorney for the District of Idaho","Republican",1,NA,NA,NA,NA,NA
"88","Bart Davis","Private Practice",NA,NA,"U.S. Attorney for the District of Idaho","Republican",1,NA,NA,NA,NA,NA
"89","John C. Milhiser","County of Sangamon IL",2010,2018,"U.S. Attorney for the C.D. of Illinois","Republican",NA,NA,NA,NA,NA,NA
"90","John C. Milhiser","County of Sangamon IL",2008,2010,"U.S. Attorney for the C.D. of Illinois","Republican",NA,NA,NA,NA,NA,NA
"91","John C. Milhiser","Private Practice",2003,2008,"U.S. Attorney for the C.D. of Illinois","Republican",NA,NA,NA,NA,NA,NA
"92","John C. Milhiser","County of Sangamon IL",1997,2003,"U.S. Attorney for the C.D. of Illinois","Republican",NA,NA,NA,NA,NA,NA
"93","John R. Lausch Jr.","Kirkland & Ellis LLP",2010,2017,"U.S. Attorney for the N.D. of Illinois","None",NA,NA,NA,NA,NA,NA
"94","John R. Lausch Jr.","United States Attorney's Office for the Northern District of Illinois",2005,2010,"U.S. Attorney for the N.D. of Illinois","None",NA,NA,NA,NA,NA,NA
"95","John R. Lausch Jr.","United States Attorney's Office for the Northern District of Illinois",1999,2005,"U.S. Attorney for the N.D. of Illinois","None",NA,NA,NA,NA,NA,NA
"96","John R. Lausch Jr.","Kirkland & Ellis LLP",1997,1999,"U.S. Attorney for the N.D. of Illinois","None",NA,NA,NA,NA,NA,NA
"97","John R. Lausch Jr.","United States Court of Appeals for the Seventh Circuit",1996,1997,"U.S. Attorney for the N.D. of Illinois","None",NA,NA,NA,NA,NA,NA
"98","Thomas Kirsch","Winston & Strawn LLP",2008,2017,"U.S. Attorney for the N.D. of Indiana",NA,NA,NA,NA,NA,NA,NA
"99","Thomas Kirsch","United States Attorney's Office for the Northern District of Indiana",2001,2008,"U.S. Attorney for the N.D. of Indiana",NA,NA,NA,NA,NA,NA,NA
"100","Thomas Kirsch","United States Department of Justice",2006,2007,"U.S. Attorney for the N.D. of Indiana",NA,NA,NA,NA,NA,NA,NA
"101","Thomas Kirsch","United States District Court for the Southern District of Indiana",2000,2001,"U.S. Attorney for the N.D. of Indiana",NA,NA,NA,NA,NA,NA,NA
"102","Joshua Minkler","United States Attorney's Office for the Southern District of Indiana",2015,2017,"U.S. Attorney for the S.D. of Indiana",NA,NA,NA,NA,NA,NA,NA
"103","Joshua Minkler","United States Attorney's Office for the Southern District of Indiana",2014,2015,"U.S. Attorney for the S.D. of Indiana",NA,NA,NA,NA,NA,NA,NA
"104","Joshua Minkler","United States Attorney's Office for the Southern District of Indiana",NA,2014,"U.S. Attorney for the S.D. of Indiana",NA,NA,NA,NA,NA,NA,NA
"105","Joshua Minkler","United States Attorney's Office for the Southern District of Indiana",1994,NA,"U.S. Attorney for the S.D. of Indiana",NA,NA,NA,NA,NA,NA,NA
"106","Peter Deegan","United States Attorney's Office for the Northern District of Iowa",2015,2017,"U.S. Attorney for the N.D. of Iowa","Republican",NA,NA,NA,NA,NA,NA
"107","Peter Deegan","United States Attorney's Office for the Northern District of Iowa",2006,2015,"U.S. Attorney for the N.D. of Iowa","Republican",NA,NA,NA,NA,NA,NA
"108","Peter Deegan","United States Attorney's Office for the Eastern District of Michigan",2004,2006,"U.S. Attorney for the N.D. of Iowa","Republican",NA,NA,NA,NA,NA,NA
"109","Peter Deegan","United States Attorney's Office for the Northern District of Iowa",1998,2004,"U.S. Attorney for the N.D. of Iowa","Republican",NA,NA,NA,NA,NA,NA
"110","Marc Krickbaum","United States Attorney's Office for the Northern District of Illinois",NA,2017,"U.S. Attorney for the S.D. of Iowa","None",NA,NA,NA,NA,NA,NA
"111","Marc Krickbaum","United States Department of Justice",NA,2008,"U.S. Attorney for the S.D. of Iowa","None",NA,NA,NA,NA,NA,NA
"112","Marc Krickbaum","United States Attorney's Office for the Southern District of Iowa",2009,NA,"U.S. Attorney for the S.D. of Iowa","None",NA,NA,NA,NA,NA,NA
"113","Stephen McAllister","University of Kansas School of Law",NA,NA,"U.S. Attorney for the District of Kansas",NA,1,NA,NA,NA,NA,NA
"114","Stephen McAllister","Kansas Office of the Attorney General",NA,NA,"U.S. Attorney for the District of Kansas",NA,1,NA,NA,NA,NA,NA
"115","Stephen McAllister","United States Supreme Court",NA,NA,"U.S. Attorney for the District of Kansas",NA,1,NA,NA,NA,NA,NA
"116","Stephen McAllister","United States Appeals Court for the Seventh Circuit",NA,NA,"U.S. Attorney for the District of Kansas",NA,1,NA,NA,NA,NA,NA
"117","Robert M. Duncan Jr.","United States Attorney's Office for the Eastern District of Kentucky",2005,2017,"U.S. Attorney for the E.D. of Kentucky","Republcian",1,NA,NA,NA,NA,NA
"118","Robert M. Duncan Jr.","United States District Court for the Eastern District of Michigan",NA,NA,"U.S. Attorney for the E.D. of Kentucky","Republcian",1,NA,NA,NA,NA,NA
"119","Russell Coleman","Frost Brown Todd LLC",2015,2017,"U.S. Attorney for the W.D. of Kentucky","Republican",NA,NA,NA,NA,NA,NA
"120","Russell Coleman","US Senate",2010,2015,"U.S. Attorney for the W.D. of Kentucky","Republican",NA,NA,NA,NA,NA,NA
"121","Russell Coleman","(US) Federal Bureau of Investigation",NA,NA,"U.S. Attorney for the W.D. of Kentucky","Republican",NA,NA,NA,NA,NA,NA
"122","Brandon Fremin","Louisiana Office of the Attorney General",NA,2018,"U.S. Attorney for the M.D. of Louisiana","None",NA,NA,NA,NA,NA,NA
"123","Brandon Fremin","United States Attorney's Office for the Middle District of Louisiana",NA,NA,"U.S. Attorney for the M.D. of Louisiana","None",NA,NA,NA,NA,NA,NA
"124","Brandon Fremin","19th Judicial District LA",NA,NA,"U.S. Attorney for the M.D. of Louisiana","None",NA,NA,NA,NA,NA,NA
"125","Brandon Fremin","(US) Marine Corps",1994,2002,"U.S. Attorney for the M.D. of Louisiana","None",NA,NA,NA,NA,NA,NA
"126","David C. Joseph","United States Attorney's Office for the Western District of Louisiana",NA,2018,"U.S. Attorney for the W.D. of Louisiana","Republican",NA,NA,NA,NA,NA,NA
"127","David C. Joseph","Kane Russell Coleman Logan PC",NA,NA,"U.S. Attorney for the W.D. of Louisiana","Republican",NA,NA,NA,NA,NA,NA
"128","Peter G. Strasser","Chaffe McCall LLP",NA,2018,"U.S. Attorney for the E.D. of Louisiana",NA,NA,NA,NA,NA,NA,NA
"129","Peter G. Strasser","United States Attorney's Office for the Eastern District of Louisiana",NA,NA,"U.S. Attorney for the E.D. of Louisiana",NA,NA,NA,NA,NA,NA,NA
"130","Peter G. Strasser","United States Department of Justice",NA,NA,"U.S. Attorney for the E.D. of Louisiana",NA,NA,NA,NA,NA,NA,NA
"131","Peter G. Strasser","(US) Department of the Navy",NA,NA,"U.S. Attorney for the E.D. of Louisiana",NA,NA,NA,NA,NA,NA,NA
"132","Halsey Frank","United States Attorney's Office for the District of Maine",1999,2017,"U.S. Attorney for the District of Maine",NA,NA,NA,NA,NA,NA,NA
"133","Halsey Frank","United States Attorney's Office for the District of Columbia",1990,1999,"U.S. Attorney for the District of Maine",NA,NA,NA,NA,NA,NA,NA
"134","Halsey Frank","United States Department of Justice",1987,1990,"U.S. Attorney for the District of Maine",NA,NA,NA,NA,NA,NA,NA
"135","Robert K. Hur","United States Department of Justice",2017,2018,"U.S. Attorney for the District of Maryland",NA,1,NA,NA,NA,NA,NA
"136","Robert K. Hur","King & Spalding LLP",2014,2017,"U.S. Attorney for the District of Maryland",NA,1,NA,NA,NA,NA,NA
"137","Robert K. Hur","United States Attorney's Office for the District of Maryland",2007,2014,"U.S. Attorney for the District of Maryland",NA,1,NA,NA,NA,NA,NA
"138","Robert K. Hur","United States Supreme Court",NA,NA,"U.S. Attorney for the District of Maryland",NA,1,NA,NA,NA,NA,NA
"139","Robert K. Hur","United States Department of Justice",NA,NA,"U.S. Attorney for the District of Maryland",NA,1,NA,NA,NA,NA,NA
"140","Robert K. Hur","United States Court of Appeals for the Ninth Circuit",NA,NA,"U.S. Attorney for the District of Maryland",NA,1,NA,NA,NA,NA,NA
"141","Andrew Lelling","United States Attorney's Office for the District of Massachusetts",NA,2017,"U.S. Attorney for the District of Massachusetts","Republican",1,NA,NA,NA,NA,NA
"142","Andrew Lelling","United States District Court for the Southern District of Georgia",1994,1995,"U.S. Attorney for the District of Massachusetts","Republican",1,NA,NA,NA,NA,NA
"143","Andrew Lelling","Goodwin Procter LLP",NA,NA,"U.S. Attorney for the District of Massachusetts","Republican",1,NA,NA,NA,NA,NA
"144","Andrew Lelling","LeBoeuf Lamb Greene & MacRae LLP",NA,NA,"U.S. Attorney for the District of Massachusetts","Republican",1,NA,NA,NA,NA,NA
"145","Matthew J. Schneider","Michigan Office of the Attorney General",NA,NA,"U.S. Attorney for the E.D. of Michigan",NA,1,NA,NA,NA,NA,NA
"146","Matthew J. Schneider","Michigan Office of the Attorney General",NA,NA,"U.S. Attorney for the E.D. of Michigan",NA,1,NA,NA,NA,NA,NA
"147","Matthew J. Schneider","Michigan Supreme Court",NA,NA,"U.S. Attorney for the E.D. of Michigan",NA,1,NA,NA,NA,NA,NA
"148","Matthew J. Schneider","Michigan State University Law School",2012,NA,"U.S. Attorney for the E.D. of Michigan",NA,1,NA,NA,NA,NA,NA
"149","Matthew J. Schneider","United States Attorney's Office for the Eastern District of Michigan",2003,2011,"U.S. Attorney for the E.D. of Michigan",NA,1,NA,NA,NA,NA,NA
"150","Matthew J. Schneider","White House Office of Management and Budget",NA,NA,"U.S. Attorney for the E.D. of Michigan",NA,1,NA,NA,NA,NA,NA
"151","Matthew J. Schneider","Wiley Rein",NA,NA,"U.S. Attorney for the E.D. of Michigan",NA,1,NA,NA,NA,NA,NA
"152","Thomas L. Leonard III","MiStrategies",2018,NA,"U.S. Attorney for the W.D. of Michigan","Republican",NA,NA,NA,NA,NA,NA
"153","Thomas L. Leonard III","Michigan House of Representatives",2012,2018,"U.S. Attorney for the W.D. of Michigan","Republican",NA,NA,NA,NA,NA,NA
"154","Thomas L. Leonard III","Michigan Office of the Attorney General",NA,NA,"U.S. Attorney for the W.D. of Michigan","Republican",NA,NA,NA,NA,NA,NA
"155","Thomas L. Leonard III","County of Genesee MI",NA,NA,"U.S. Attorney for the W.D. of Michigan","Republican",NA,NA,NA,NA,NA,NA
"156","Erica MacDonald","Minnesota First Judicial District",2009,2018,"U.S. Attorney for the District of Minnesota","Republican",NA,NA,NA,NA,NA,NA
"157","Erica MacDonald","United States Attorney's Office for the Northern District of Illinois",2000,2009,"U.S. Attorney for the District of Minnesota","Republican",NA,NA,NA,NA,NA,NA
"158","Erica MacDonald","Kirkland & Ellis LLP",1999,2000,"U.S. Attorney for the District of Minnesota","Republican",NA,NA,NA,NA,NA,NA
"159","Erica MacDonald","United States District Court for the Northern District of Illinois",1997,1999,"U.S. Attorney for the District of Minnesota","Republican",NA,NA,NA,NA,NA,NA
"160","Jeffrey Jensen","Husch Blackwell LLP",2013,2017,"U.S. Attorney for the E.D. of Missouri",NA,NA,NA,NA,NA,NA,NA
"161","Jeffrey Jensen","Private Practice",2010,2013,"U.S. Attorney for the E.D. of Missouri",NA,NA,NA,NA,NA,NA,NA
"162","Jeffrey Jensen","United States Attorney's Office for the Eastern District of Missouri",2006,2009,"U.S. Attorney for the E.D. of Missouri",NA,NA,NA,NA,NA,NA,NA
"163","Jeffrey Jensen","United States Attorney's Office for the Eastern District of Missouri",1999,2006,"U.S. Attorney for the E.D. of Missouri",NA,NA,NA,NA,NA,NA,NA
"164","Jeffrey Jensen","Pricewaterhousecoopers LLP",1988,NA,"U.S. Attorney for the E.D. of Missouri",NA,NA,NA,NA,NA,NA,NA
"165","Timothy A. Garrison","United States Attorney's Office for the Western District of Missouri",2007,2018,"U.S. Attorney for the W.D. of Missouri","Republican",1,NA,NA,NA,1,NA
"166","Timothy A. Garrison","United State Department of Defense",NA,NA,"U.S. Attorney for the W.D. of Missouri","Republican",1,NA,NA,NA,1,NA
"167","Timothy A. Garrison","(US) Marine Corps",NA,NA,"U.S. Attorney for the W.D. of Missouri","Republican",1,NA,NA,NA,1,NA
"168","Kurt Alme","Yellowstone Boys & Girls Ranch",2013,2017,"U.S. Attorney for the District of Montana","Republican",NA,NA,NA,NA,NA,NA
"169","Kurt Alme","Yellowstone Boys & Girls Ranch",2010,2013,"U.S. Attorney for the District of Montana","Republican",NA,NA,NA,NA,NA,NA
"170","Kurt Alme","United States Attorney's Office for the District of Montana",2006,2010,"U.S. Attorney for the District of Montana","Republican",NA,NA,NA,NA,NA,NA
"171","Kurt Alme","United States Attorney's Office for the District of Montana",2001,2006,"U.S. Attorney for the District of Montana","Republican",NA,NA,NA,NA,NA,NA
"172","Joseph P. Kelly","County of Lancaster NE",2011,2018,"U.S. Attorney for the District of Nebraska","Republican",NA,NA,NA,NA,NA,NA
"173","Joseph P. Kelly","County of Lancaster NE",2011,2018,"U.S. Attorney for the District of Nebraska","Republican",NA,NA,NA,NA,NA,NA
"174","Joseph P. Kelly","County of Lancaster NE",2010,2011,"U.S. Attorney for the District of Nebraska","Republican",NA,NA,NA,NA,NA,NA
"175","Joseph P. Kelly","County of Lancaster NE",1990,2000,"U.S. Attorney for the District of Nebraska","Republican",NA,NA,NA,NA,NA,NA
"176","Joseph P. Kelly","Berniger, Berg and Diver PC",1987,1990,"U.S. Attorney for the District of Nebraska","Republican",NA,NA,NA,NA,NA,NA
"177","Joseph P. Kelly","County of Lancaster NE",1981,1986,"U.S. Attorney for the District of Nebraska","Republican",NA,NA,NA,NA,NA,NA
"178","Nicholas A. Trutanich","Nevada Office of the Attorney General",NA,2019,"U.S. Attorney for the District of Nevada","Democrat",NA,NA,NA,NA,NA,NA
"179","Nicholas A. Trutanich","United States Department of Justice",NA,NA,"U.S. Attorney for the District of Nevada","Democrat",NA,NA,NA,NA,NA,NA
"180","Nicholas A. Trutanich","United States District Court for the Central District of California",NA,NA,"U.S. Attorney for the District of Nevada","Democrat",NA,NA,NA,NA,NA,NA
"181","Nicholas A. Trutanich","Private Practice",NA,NA,"U.S. Attorney for the District of Nevada","Democrat",NA,NA,NA,NA,NA,NA
"182","Nicholas A. Trutanich","United States District Court for the Central District of California",NA,NA,"U.S. Attorney for the District of Nevada","Democrat",NA,NA,NA,NA,NA,NA
"183","Scott W. Murray","County of Merrimack NH",2010,2018,"U.S. Attorney for the District of New Hampshire","Republican",NA,NA,NA,NA,NA,NA
"184","Scott W. Murray","City of Concord NH",1983,2011,"U.S. Attorney for the District of New Hampshire","Republican",NA,NA,NA,NA,NA,NA
"185","John C. Anderson","Holland & Hart LLP",2013,2018,"U.S. Attorney for the District of New Mexico","Republican",NA,NA,NA,NA,NA,NA
"186","John C. Anderson","United States Attorney's Office for the District of New Mexico",2008,2013,"U.S. Attorney for the District of New Mexico","Republican",NA,NA,NA,NA,NA,NA
"187","John C. Anderson","Simpson Thacher & Bartlett LLP",2004,2008,"U.S. Attorney for the District of New Mexico","Republican",NA,NA,NA,NA,NA,NA
"188","John C. Anderson","United States Court of Appeals for the Tenth Circuit",2003,2004,"U.S. Attorney for the District of New Mexico","Republican",NA,NA,NA,NA,NA,NA
"189","Robert Higdon Jr.","Williams Mullen",2015,2017,"U.S. Attorney for the E.D. of North Carolina",NA,NA,NA,NA,NA,NA,NA
"190","Robert Higdon Jr.","United States Department of Justice",2014,2015,"U.S. Attorney for the E.D. of North Carolina",NA,NA,NA,NA,NA,NA,NA
"191","Robert Higdon Jr.","United States Attorney's Office for the Eastern District of North Carolina",2002,2013,"U.S. Attorney for the E.D. of North Carolina",NA,NA,NA,NA,NA,NA,NA
"192","Matthew Martin","Duke Energy Corp",2013,2018,"U.S. Attorney for the M.D. of North Carolina","Republican",NA,NA,NA,NA,NA,NA
"193","Matthew Martin","Smith Anderson Blount Dorsett Mitchell & Jernigan LLP",2006,2013,"U.S. Attorney for the M.D. of North Carolina","Republican",NA,NA,NA,NA,NA,NA
"194","Matthew Martin","Covington & Burling LLP",2004,2006,"U.S. Attorney for the M.D. of North Carolina","Republican",NA,NA,NA,NA,NA,NA
"195","R. Andrew Murray","County of Mecklenburg NC",NA,NA,"U.S. Attorney for the W.D. of North Carolina","Republican",NA,NA,NA,NA,NA,NA
"196","R. Andrew Murray","Private Practice",1992,2017,"U.S. Attorney for the W.D. of North Carolina","Republican",NA,NA,NA,NA,NA,NA
"197","Drew Wrigley","State of North Dakota",2010,2016,"U.S. Attorney for the District of North Dakota","Republican",NA,NA,1,NA,NA,NA
"198","Drew Wrigley","Noridian Administrative Services",2009,2010,"U.S. Attorney for the District of North Dakota","Republican",NA,NA,1,NA,NA,NA
"199","Drew Wrigley","United States Attorney's Office for the District of North Dakota",2001,2009,"U.S. Attorney for the District of North Dakota","Republican",NA,NA,1,NA,NA,NA
"200","Drew Wrigley","State of North Dakota, Office of the Governor",2000,2001,"U.S. Attorney for the District of North Dakota","Republican",NA,NA,1,NA,NA,NA
"201","Drew Wrigley","City of Philadelphia",NA,NA,"U.S. Attorney for the District of North Dakota","Republican",NA,NA,1,NA,NA,NA
"202","Justin Herdman","Jones Day LLP",2013,2017,"U.S. Attorney for the N.D. of Ohio",NA,1,NA,NA,NA,NA,NA
"203","Justin Herdman","United States Attorney's Office for the Northern District of Ohio",2010,2013,"U.S. Attorney for the N.D. of Ohio",NA,1,NA,NA,NA,NA,NA
"204","Justin Herdman","United States Attorney's Office for the Southern District of Ohio",2006,2010,"U.S. Attorney for the N.D. of Ohio",NA,1,NA,NA,NA,NA,NA
"205","Justin Herdman","County of New York NY",2001,2005,"U.S. Attorney for the N.D. of Ohio",NA,1,NA,NA,NA,NA,NA
"206","David M. DeVillers","United States Attorney's Office for the Southern District of Ohio",NA,NA,"U.S. Attorney for the S.D. Ohio","Republican",NA,NA,NA,NA,NA,NA
"207","David M. DeVillers","United States Department of Justice",2010,2018,"U.S. Attorney for the S.D. Ohio","Republican",NA,NA,NA,NA,NA,NA
"208","Brian Kuester","District 27 OK",2010,2017,"U.S. Attorney for the E.D. of Oklahoma","Republican",NA,NA,NA,NA,NA,NA
"209","Brian Kuester","Allstate Insurance Co",2008,2010,"U.S. Attorney for the E.D. of Oklahoma","Republican",NA,NA,NA,NA,NA,NA
"210","Brian Kuester","County of Tulsa County OK",2003,2008,"U.S. Attorney for the E.D. of Oklahoma","Republican",NA,NA,NA,NA,NA,NA
"211","Brian Kuester","Robinette & Osmond",2000,2003,"U.S. Attorney for the E.D. of Oklahoma","Republican",NA,NA,NA,NA,NA,NA
"212","R. Trent Shores","United States Attorney's Office for the Northern District of Oklahoma",2007,2017,"U.S. Attorney for the N.D. of Oklahoma","Republican",1,NA,NA,NA,NA,NA
"213","R. Trent Shores","Oklahoma Office of the Attorney General",2015,2015,"U.S. Attorney for the N.D. of Oklahoma","Republican",1,NA,NA,NA,NA,NA
"214","R. Trent Shores","United States Department of Justice",NA,NA,"U.S. Attorney for the N.D. of Oklahoma","Republican",1,NA,NA,NA,NA,NA
"215","Timothy J. Downing","Oklahoma House of Representatives",2016,2018,"U.S. Attorney for the W.D. of Oklahoma","Republican",1,NA,NA,NA,NA,NA
"216","Timothy J. Downing","United States Attorney's Office for the Western District of Texas",2011,2016,"U.S. Attorney for the W.D. of Oklahoma","Republican",1,NA,NA,NA,NA,NA
"217","Timothy J. Downing","US Army Judge Advocate General's Corp",2011,NA,"U.S. Attorney for the W.D. of Oklahoma","Republican",1,NA,NA,NA,NA,NA
"218","Timothy J. Downing","Oklahoma Office of the Attorney General",2011,2016,"U.S. Attorney for the W.D. of Oklahoma","Republican",1,NA,NA,NA,NA,NA
"219","Billy J. Williams","United States Attorney's Office for the District of Oregon",2015,NA,"U.S. Attorney for the District of Oregon","Republican",NA,NA,NA,NA,NA,NA
"220","Billy J. Williams","United States Attorney's Office for the District of Oregon",2015,2015,"U.S. Attorney for the District of Oregon","Republican",NA,NA,NA,NA,NA,NA
"221","Billy J. Williams","United States Attorney's Office for the District of Oregon",2015,2015,"U.S. Attorney for the District of Oregon","Republican",NA,NA,NA,NA,NA,NA
"222","Billy J. Williams","United States Attorney's Office for the District of Oregon",2010,2015,"U.S. Attorney for the District of Oregon","Republican",NA,NA,NA,NA,NA,NA
"223","Billy J. Williams","United States Attorney's Office for the District of Oregon",2007,2010,"U.S. Attorney for the District of Oregon","Republican",NA,NA,NA,NA,NA,NA
"224","Billy J. Williams","United States Attorney's Office for the District of Oregon",2000,2007,"U.S. Attorney for the District of Oregon","Republican",NA,NA,NA,NA,NA,NA
"225","Billy J. Williams","County of Multnomah OR",1999,2000,"U.S. Attorney for the District of Oregon","Republican",NA,NA,NA,NA,NA,NA
"226","Billy J. Williams","County of Multnomah OR",1990,1999,"U.S. Attorney for the District of Oregon","Republican",NA,NA,NA,NA,NA,NA
"227","Billy J. Williams","County of Multnomah OR",1989,1990,"U.S. Attorney for the District of Oregon","Republican",NA,NA,NA,NA,NA,NA
"228","Billy J. Williams","United States Attorney's Office for the District of Oregon",1988,1989,"U.S. Attorney for the District of Oregon","Republican",NA,NA,NA,NA,NA,NA
"229","Billy J. Williams","United States Attorney's Office for the District of Oregon",1987,1988,"U.S. Attorney for the District of Oregon","Republican",NA,NA,NA,NA,NA,NA
"230","David Freed","County of Cumberland PA",2006,2017,"U.S. Attorney for the M.D. of Pennsylvania","Republican",NA,NA,NA,NA,NA,NA
"231","David Freed","County of Cumberland PA",2001,2006,"U.S. Attorney for the M.D. of Pennsylvania","Republican",NA,NA,NA,NA,NA,NA
"232","David Freed","County of Cumberland PA",1998,2001,"U.S. Attorney for the M.D. of Pennsylvania","Republican",NA,NA,NA,NA,NA,NA
"233","David Freed","County of York PA",1997,1998,"U.S. Attorney for the M.D. of Pennsylvania","Republican",NA,NA,NA,NA,NA,NA
"234","David Freed","Private Practice",NA,NA,"U.S. Attorney for the M.D. of Pennsylvania","Republican",NA,NA,NA,NA,NA,NA
"235","Scott Brady","Federated Investors Inc",NA,2017,"U.S. Attorney for the W.D. of Pennsylvania",NA,NA,NA,NA,NA,NA,NA
"236","Scott Brady","United States Attorney's Office for the Western District of Pennsylvania",2004,2010,"U.S. Attorney for the W.D. of Pennsylvania",NA,NA,NA,NA,NA,NA,NA
"237","Scott Brady","Jones Day LLP",NA,NA,"U.S. Attorney for the W.D. of Pennsylvania",NA,NA,NA,NA,NA,NA,NA
"238","Scott Brady","University of Pittsburgh School of Law",NA,NA,"U.S. Attorney for the W.D. of Pennsylvania",NA,NA,NA,NA,NA,NA,NA
"239","Scott Brady","Reed Smith LLP",NA,NA,"U.S. Attorney for the W.D. of Pennsylvania",NA,NA,NA,NA,NA,NA,NA
"240","William M. McSwain","Drinker Biddle & Reath LLP",NA,2018,"U.S. Attorney for the E.D. of Pennsylvania","Republican",1,NA,NA,NA,NA,NA
"241","William M. McSwain","United States Attorney's Office for the Eastern District of Pennsylvania",2003,2006,"U.S. Attorney for the E.D. of Pennsylvania","Republican",1,NA,NA,NA,NA,NA
"242","William M. McSwain","United States Court of Appeals for the Third Circuit",NA,NA,"U.S. Attorney for the E.D. of Pennsylvania","Republican",1,NA,NA,NA,NA,NA
"243","W. Stephen Muldrow","United States Attorney's Office for the Middle District of Florida",2018,2019,"U.S. Attorney for the District of Puerto Rico",NA,NA,NA,NA,NA,NA,NA
"244","W. Stephen Muldrow","United States Attorney's Office for the Middle District of Florida",2017,2018,"U.S. Attorney for the District of Puerto Rico",NA,NA,NA,NA,NA,NA,NA
"245","W. Stephen Muldrow","United States Attorney's Office for the Middle District of Florida",2013,2017,"U.S. Attorney for the District of Puerto Rico",NA,NA,NA,NA,NA,NA,NA
"246","W. Stephen Muldrow","United States Attorney's Office for the Middle District of Florida",2001,2013,"U.S. Attorney for the District of Puerto Rico",NA,NA,NA,NA,NA,NA,NA
"247","W. Stephen Muldrow","United States Attorney's Office for the District of Puerto Rico",1995,2001,"U.S. Attorney for the District of Puerto Rico",NA,NA,NA,NA,NA,NA,NA
"248","W. Stephen Muldrow","United States Department of Justice",1989,1995,"U.S. Attorney for the District of Puerto Rico",NA,NA,NA,NA,NA,NA,NA
"249","Aaron L. Weisman","Rhode Island Office of the Attorney General",1993,2019,"U.S. Attorney for the District of Rhode Island","Republican",NA,NA,NA,NA,NA,NA
"250","Aaron L. Weisman","Rhode Island Office of the Attorney General",NA,NA,"U.S. Attorney for the District of Rhode Island","Republican",NA,NA,NA,NA,NA,NA
"251","Aaron L. Weisman","Rhode Island Office of the Attorney General",NA,NA,"U.S. Attorney for the District of Rhode Island","Republican",NA,NA,NA,NA,NA,NA
"252","Aaron L. Weisman","Jones Associates",NA,NA,"U.S. Attorney for the District of Rhode Island","Republican",NA,NA,NA,NA,NA,NA
"253","Sherri Lydon","United States Attorney's Office for the District of South Carolina",2018,2019,"U.S. Attorney for the District of South Carolina","None",NA,NA,NA,NA,NA,NA
"254","Sherri Lydon","Private Practice",2005,2018,"U.S. Attorney for the District of South Carolina","None",NA,NA,NA,NA,NA,NA
"255","Sherri Lydon","South Carolina Office of the Attorney General",2003,2004,"U.S. Attorney for the District of South Carolina","None",NA,NA,NA,NA,NA,NA
"256","Sherri Lydon","Private Practice",1995,2003,"U.S. Attorney for the District of South Carolina","None",NA,NA,NA,NA,NA,NA
"257","Sherri Lydon","Private Practice",1993,1995,"U.S. Attorney for the District of South Carolina","None",NA,NA,NA,NA,NA,NA
"258","Sherri Lydon","United States Attorney's Office for the District of South Carolina",1990,1993,"U.S. Attorney for the District of South Carolina","None",NA,NA,NA,NA,NA,NA
"259","Sherri Lydon","Private Practice",1987,1990,"U.S. Attorney for the District of South Carolina","None",NA,NA,NA,NA,NA,NA
"260","Sherri Lydon","Nexsen Pruet LLC",NA,1990,"U.S. Attorney for the District of South Carolina","None",NA,NA,NA,NA,NA,NA
"261","Peter M. McCoy Jr.","South Carolina House of Represenatives",2011,2020,"U.S. Attorney for the District of South Carolina","Republican",NA,NA,1,NA,NA,NA
"262","Peter M. McCoy Jr.","McCoy & Stokes",NA,NA,"U.S. Attorney for the District of South Carolina","Republican",NA,NA,1,NA,NA,NA
"263","Peter M. McCoy Jr.","South Carolina Office of the Solictor for the Ninth Judicial Circuit",NA,NA,"U.S. Attorney for the District of South Carolina","Republican",NA,NA,1,NA,NA,NA
"264","Ron A. Parsons Jr.","Johnson Heidepriem & Abdallah LLP",NA,2017,"U.S. Attorney for the District of South Dakota","Republican",NA,NA,NA,NA,NA,NA
"265","Ron A. Parsons Jr.","United States Court of Appeals for the Eighth Circuit",NA,NA,"U.S. Attorney for the District of South Dakota","Republican",NA,NA,NA,NA,NA,NA
"266","Doug Overbey","Tennessee State Senate",2009,2017,"U.S. Attorney for the E.D. of Tennessee","Republican",NA,NA,NA,NA,NA,NA
"267","Doug Overbey","Tennessee House of Represenatives",2008,2009,"U.S. Attorney for the E.D. of Tennessee","Republican",NA,NA,NA,NA,NA,NA
"268","Doug Overbey","Robertson Overbey",1982,2017,"U.S. Attorney for the E.D. of Tennessee","Republican",NA,NA,NA,NA,NA,NA
"269","Donald Q. Cochran","Belmont Law School",2012,2017,"U.S. Attorney for the M.D. of Tennessee",NA,1,NA,NA,NA,NA,NA
"270","Donald Q. Cochran","Cumberland School of Law",2002,2012,"U.S. Attorney for the M.D. of Tennessee",NA,1,NA,NA,NA,NA,NA
"271","Donald Q. Cochran","United States Attorney's Office for the Northern District of Alabama",1998,2002,"U.S. Attorney for the M.D. of Tennessee",NA,1,NA,NA,NA,NA,NA
"272","Donald Q. Cochran","County of Jefferson AL",NA,NA,"U.S. Attorney for the M.D. of Tennessee",NA,1,NA,NA,NA,NA,NA
"273","Donald Q. Cochran","United States District Court for the Northern District of Georgia",NA,NA,"U.S. Attorney for the M.D. of Tennessee",NA,1,NA,NA,NA,NA,NA
"274","Donald Q. Cochran","(US) Army",NA,NA,"U.S. Attorney for the M.D. of Tennessee",NA,1,NA,NA,NA,NA,NA
"275","D. Michael Dunavant","25th Judicial District TN",2006,2017,"U.S. Attorney for the W.D. of Tennessee","None",NA,NA,NA,NA,NA,NA
"276","D. Michael Dunavant","Carney, Wilder & Dunavant",1995,2006,"U.S. Attorney for the W.D. of Tennessee","None",NA,NA,NA,NA,NA,NA
"277","Joseph D. Brown","County of Grayson TX",2018,2018,"U.S. Attorney for the E.D. of Texas","Republican",NA,NA,1,NA,NA,NA
"278","Joseph D. Brown","Texas Juvenile Justice Department",2009,2014,"U.S. Attorney for the E.D. of Texas","Republican",NA,NA,1,NA,NA,NA
"279","Joseph D. Brown","Cowles and Thompson",NA,NA,"U.S. Attorney for the E.D. of Texas","Republican",NA,NA,1,NA,NA,NA
"280","Erin Nealy Cox","McKinsey & Company",NA,2017,"U.S. Attorney for the N.D. of Texas","None",1,NA,NA,NA,NA,NA
"281","Erin Nealy Cox","Stroz Friedberg LLC",2008,2016,"U.S. Attorney for the N.D. of Texas","None",1,NA,NA,NA,NA,NA
"282","Erin Nealy Cox","United States Attorney's Office for the Northern District of Texas",1999,2008,"U.S. Attorney for the N.D. of Texas","None",1,NA,NA,NA,NA,NA
"283","Erin Nealy Cox","United States Court of Appeals for the Fifth Circuit",NA,NA,"U.S. Attorney for the N.D. of Texas","None",1,NA,NA,NA,NA,NA
"284","Erin Nealy Cox","United States District Court for the Northern District of Texas",NA,NA,"U.S. Attorney for the N.D. of Texas","None",1,NA,NA,NA,NA,NA
"285","Ryan Patrick","Hoover Slovacek LLP",2017,2017,"U.S. Attorney for the S.D. of Texas","Republican",1,NA,NA,NA,NA,1
"286","Ryan Patrick","Private Practice",2017,2017,"U.S. Attorney for the S.D. of Texas","Republican",1,NA,NA,NA,NA,1
"287","Ryan Patrick","Texas 177th District Court",2012,2016,"U.S. Attorney for the S.D. of Texas","Republican",1,NA,NA,NA,NA,1
"288","Ryan Patrick","County of Harris TX",2005,2012,"U.S. Attorney for the S.D. of Texas","Republican",1,NA,NA,NA,NA,1
"289","Ryan Patrick","Harris County Republican Party",2002,2004,"U.S. Attorney for the S.D. of Texas","Republican",1,NA,NA,NA,NA,1
"290","John Bash","(US) Office of President",2017,2017,"U.S. Attorney for the W.D. of Texas",NA,1,NA,NA,NA,NA,NA
"291","John Bash","United States Department of Justice",2012,2017,"U.S. Attorney for the W.D. of Texas",NA,1,NA,NA,NA,NA,NA
"292","John Bash","Gibson Dunn & Crutcher LLP",NA,2012,"U.S. Attorney for the W.D. of Texas",NA,1,NA,NA,NA,NA,NA
"293","John Bash","United States Court of Appeals for the District of Columbia Circuit",2006,2007,"U.S. Attorney for the W.D. of Texas",NA,1,NA,NA,NA,NA,NA
"294","John Bash","United States Supreme Court",NA,NA,"U.S. Attorney for the W.D. of Texas",NA,1,NA,NA,NA,NA,NA
"295","John W. Huber","United States Attorney's Office for the District of Utah",2012,2015,"U.S. Attorney for the District of Utah",NA,NA,NA,NA,NA,NA,NA
"296","John W. Huber","United States Attorney's Office for the District of Utah",2005,2012,"U.S. Attorney for the District of Utah",NA,NA,NA,NA,NA,NA,NA
"297","John W. Huber","United States Attorney's Office for the District of Utah",2002,2005,"U.S. Attorney for the District of Utah",NA,NA,NA,NA,NA,NA,NA
"298","John W. Huber","City of West Valley City UT",1999,2004,"U.S. Attorney for the District of Utah",NA,NA,NA,NA,NA,NA,NA
"299","John W. Huber","City of West Valley City UT",1996,1999,"U.S. Attorney for the District of Utah",NA,NA,NA,NA,NA,NA,NA
"300","John W. Huber","County of Weber UT",1995,1996,"U.S. Attorney for the District of Utah",NA,NA,NA,NA,NA,NA,NA
"301","Christina E. Nolan","United States Attorney's Office for the District of Vermont",2010,2017,"U.S. Attorney for the District of Vermont","None",NA,NA,NA,NA,NA,NA
"302","Christina E. Nolan","Goodwin Procter LLP",2005,2009,"U.S. Attorney for the District of Vermont","None",NA,NA,NA,NA,NA,NA
"303","Christina E. Nolan","County of Middlesex MA",NA,NA,"U.S. Attorney for the District of Vermont","None",NA,NA,NA,NA,NA,NA
"304","Christina E. Nolan","United States District Court of Massachusetts",NA,NA,"U.S. Attorney for the District of Vermont","None",NA,NA,NA,NA,NA,NA
"305","G. Zachary Terwilliger","United States Attorney's Office for the Eastern District of Virginia",2010,NA,"U.S. Attorney for the E.D. of Virginia",NA,1,NA,NA,NA,NA,NA
"306","G. Zachary Terwilliger","United States District Court for the Southern District of Florida",NA,2008,"U.S. Attorney for the E.D. of Virginia",NA,1,NA,NA,NA,NA,NA
"307","Thomas T. Cullen","Woods Rogers PLC",NA,2018,"U.S. Attorney for the W.D. of Virginia","None",1,NA,NA,NA,1,NA
"308","Thomas T. Cullen","United States Attorney's Office for the Western District of Virginia",NA,NA,"U.S. Attorney for the W.D. of Virginia","None",1,NA,NA,NA,1,NA
"309","Thomas T. Cullen","United States Attorney's Office for the Western District of North Carolina",NA,NA,"U.S. Attorney for the W.D. of Virginia","None",1,NA,NA,NA,1,NA
"310","Thomas T. Cullen","United States Court of Appeals for the Fourth Circuit",NA,NA,"U.S. Attorney for the W.D. of Virginia","None",1,NA,NA,NA,1,NA
"311","Thomas T. Cullen","United States District Court for the Eastern District of Michigan",NA,NA,"U.S. Attorney for the W.D. of Virginia","None",1,NA,NA,NA,1,NA
"312","William D. Hyslop","Lukins & Annis PS",1993,2019,"U.S. Attorney for the E.D. of Washington",NA,NA,NA,NA,NA,NA,NA
"313","William D. Hyslop","United States Attorney's Office for the Eastern District of Washington",1991,1993,"U.S. Attorney for the E.D. of Washington",NA,NA,NA,NA,NA,NA,NA
"314","William D. Hyslop","Lukins & Annis PS",1984,1991,"U.S. Attorney for the E.D. of Washington",NA,NA,NA,NA,NA,NA,NA
"315","William D. Hyslop","Lukins & Annis PS",1980,1983,"U.S. Attorney for the E.D. of Washington",NA,NA,NA,NA,NA,NA,NA
"316","Brian T. Moran","Orrick, Herrington & Sutcliffe LLP",2013,2018,"U.S. Attorney for the W.D. of Washington",NA,NA,NA,NA,NA,NA,NA
"317","Brian T. Moran","Washington Office of the Attorney General",2006,2013,"U.S. Attorney for the W.D. of Washington",NA,NA,NA,NA,NA,NA,NA
"318","Brian T. Moran","Washington Office of the Attorney General",1998,2006,"U.S. Attorney for the W.D. of Washington",NA,NA,NA,NA,NA,NA,NA
"319","Brian T. Moran","County of Kitsap WA",1989,1998,"U.S. Attorney for the W.D. of Washington",NA,NA,NA,NA,NA,NA,NA
"320","William Powell","County of Jefferson WV",NA,2017,"U.S. Attorney for the N.D. of West Virginia","None",NA,NA,1,NA,NA,NA
"321","William Powell","United States Attorney's Office for the Southern District of West Virginia",NA,NA,"U.S. Attorney for the N.D. of West Virginia","None",NA,NA,1,NA,NA,NA
"322","William Powell","Jackson Kelly PLLC",NA,NA,"U.S. Attorney for the N.D. of West Virginia","None",NA,NA,1,NA,NA,NA
"323","Michael B. Stuart","Steptoe & Johnson PLLC",NA,2018,"U.S. Attorney for the S.D. of West Virginia","Republican",NA,NA,NA,NA,NA,NA
"324","Michael B. Stuart","Republican Party of West Virginia",2010,2012,"U.S. Attorney for the S.D. of West Virginia","Republican",NA,NA,NA,NA,NA,NA
"325","Matthew Krueger","Steptoe & Johnson PLLC",2013,2018,"U.S. Attorney for the E.D. of Wisconsin","Republican",1,NA,NA,NA,NA,NA
"326","Matthew Krueger","Sidley Austin LLP",NA,NA,"U.S. Attorney for the E.D. of Wisconsin","Republican",1,NA,NA,NA,NA,NA
"327","Matthew Krueger","United States Department of Justice",NA,NA,"U.S. Attorney for the E.D. of Wisconsin","Republican",1,NA,NA,NA,NA,NA
"328","Matthew Krueger","United States Court of Appeals for the Fourth Circuit",NA,NA,"U.S. Attorney for the E.D. of Wisconsin","Republican",1,NA,NA,NA,NA,NA
"329","Scott Blader","County of Waushara WI",2007,2017,"U.S. Attorney for the W.D. of Wisconsin","Republican",NA,NA,NA,NA,NA,NA
"330","Scott Blader","Private Practice",1999,2007,"U.S. Attorney for the W.D. of Wisconsin","Republican",NA,NA,NA,NA,NA,NA
"331","Mark Klassen","United States Attorney's Office for the District of Wyoming",NA,2017,NA,NA,NA,NA,NA,NA,NA,NA
"332","Mark Klassen","United States Department of Homeland Security",2007,2009,NA,NA,NA,NA,NA,NA,NA,NA
"333","Mark Klassen","US House of Representatives",2003,2007,NA,NA,NA,NA,NA,NA,NA,NA
"334","Mark Klassen","Latham & Watkins",NA,NA,NA,NA,NA,NA,NA,NA,NA,NA
"335","Mark Klassen","United States Court of Appeals for the Tenth Circuit",NA,NA,NA,NA,NA,NA,NA,NA,NA,NA
